Beta,Alpha,Iter,MaxInf,EventInf,Time_Fin
0.002,2.0,0,5,5,2.8801107172400005
0.002,2.0,1,5,5,2.9079675899799997
0.002,2.0,10,5,5,1.47952099289
0.002,2.0,11,5,5,2.33531961538
0.002,2.0,12,5,5,2.26055190855
0.002,2.0,13,5,5,0.740280983704
0.002,2.0,14,5,5,2.27583182
0.002,2.0,15,5,5,2.0134050057599997
0.002,2.0,16,5,5,1.52864738851
0.002,2.0,17,5,5,2.68002070717
0.002,2.0,18,5,5,1.93167889515
0.002,2.0,19,5,5,1.84225470624
0.002,2.0,2,5,5,1.55447781979
0.002,2.0,20,5,5,2.17217846828
0.002,2.0,21,5,5,4.339750249030001
0.002,2.0,22,5,5,1.05325770027
0.002,2.0,23,5,5,1.70026192405
0.002,2.0,24,5,5,1.5124980835
0.002,2.0,25,5,5,1.1162833345799998
0.002,2.0,26,5,5,2.4975225411200004
0.002,2.0,27,5,5,4.39472695078
0.002,2.0,28,5,5,3.02980454051
0.002,2.0,29,5,5,1.56068865426
0.002,2.0,3,5,5,4.26607677758
0.002,2.0,30,5,5,2.9536057815900003
0.002,2.0,31,5,10,7.38173708733
0.002,2.0,32,5,5,3.10421998888
0.002,2.0,33,5,5,1.72275425896
0.002,2.0,34,5,5,2.04642206531
0.002,2.0,35,5,5,1.9370658756
0.002,2.0,36,6,9,5.07916123337
0.002,2.0,37,5,5,1.6032342365999999
0.002,2.0,38,5,5,2.95625933799
0.002,2.0,39,5,5,3.5862578707300004
0.002,2.0,4,5,5,4.169581010930001
0.002,2.0,40,5,5,1.1407196662299999
0.002,2.0,41,5,5,3.10457510267
0.002,2.0,42,5,5,1.85599880938
0.002,2.0,43,5,5,1.8162173072099999
0.002,2.0,44,5,5,2.45960218381
0.002,2.0,45,5,5,2.14770490102
0.002,2.0,46,5,5,1.3876205588
0.002,2.0,47,5,5,2.5304009500599998
0.002,2.0,48,5,5,1.88623382713
0.002,2.0,49,5,5,2.61896123383
0.002,2.0,5,5,5,2.5080692343
0.002,2.0,50,5,5,1.6455771075299999
0.002,2.0,51,5,5,3.53973575371
0.002,2.0,52,5,5,0.8724921760359999
0.002,2.0,53,5,5,1.32801615166
0.002,2.0,54,6,6,2.27039929249
0.002,2.0,55,5,5,1.0195590716399998
0.002,2.0,56,5,5,2.50241928295
0.002,2.0,57,5,5,1.7899980867299998
0.002,2.0,58,5,5,2.81785871431
0.002,2.0,59,5,5,1.5644502102200002
0.002,2.0,6,5,5,3.2170991856299995
0.002,2.0,60,5,5,2.2798131616
0.002,2.0,61,5,5,2.81641401799
0.002,2.0,62,5,5,0.8330917205149999
0.002,2.0,63,5,5,3.0648273206700005
0.002,2.0,64,5,5,2.14204081917
0.002,2.0,65,5,5,0.9039668109350001
0.002,2.0,66,5,5,2.56015930928
0.002,2.0,67,5,5,3.73356511443
0.002,2.0,68,5,5,2.22226529368
0.002,2.0,69,5,5,1.30357681354
0.002,2.0,7,5,5,0.8148216081919999
0.002,2.0,70,5,5,2.3518668676599996
0.002,2.0,71,5,5,4.302851330959999
0.002,2.0,72,5,5,3.13500763811
0.002,2.0,73,5,5,2.6915661718700004
0.002,2.0,74,5,5,1.29780640714
0.002,2.0,75,5,5,1.85143809096
0.002,2.0,76,5,5,1.58070857352
0.002,2.0,77,5,5,1.0460307111799998
0.002,2.0,78,5,5,3.67762725339
0.002,2.0,79,5,5,1.0812086776899998
0.002,2.0,8,5,5,1.82872589485
0.002,2.0,80,5,5,1.29779379898
0.002,2.0,81,5,5,1.5184982804299998
0.002,2.0,82,5,5,2.0179523916
0.002,2.0,83,5,5,0.921273352496
0.002,2.0,84,5,5,0.7147259235179999
0.002,2.0,85,5,5,2.31694493175
0.002,2.0,86,5,5,1.59630344989
0.002,2.0,87,5,5,0.540675251822
0.002,2.0,88,5,5,1.77530473654
0.002,2.0,89,5,5,1.7455626847299999
0.002,2.0,9,5,5,2.82175930593
0.002,2.0,90,5,5,1.0320088961299998
0.002,2.0,91,5,5,3.65643836699
0.002,2.0,92,5,5,3.41171394745
0.002,2.0,93,5,5,1.95493596338
0.002,2.0,94,5,5,1.3497697121399999
0.002,2.0,95,5,5,1.7197138358900002
0.002,2.0,96,5,5,1.5388408919299998
0.002,2.0,97,5,5,3.1969776428600003
0.002,2.0,98,5,5,1.8118665595299999
0.002,2.0,99,5,5,3.17464054671
0.002,2.2475,0,5,5,1.0841993540700001
0.002,2.2475,1,5,5,2.4940725520599996
0.002,2.2475,10,5,5,1.8312776063499998
0.002,2.2475,11,5,5,2.30483382742
0.002,2.2475,12,5,5,4.75433671534
0.002,2.2475,13,5,5,2.85318376676
0.002,2.2475,14,5,6,2.14460225462
0.002,2.2475,15,5,5,3.5791280825199996
0.002,2.2475,16,5,5,1.38521959483
0.002,2.2475,17,5,5,0.700217870722
0.002,2.2475,18,5,5,1.8040832455700002
0.002,2.2475,19,5,5,1.51395676333
0.002,2.2475,2,5,5,2.00037868407
0.002,2.2475,20,5,5,2.6656109043700003
0.002,2.2475,21,5,5,3.0617291760799996
0.002,2.2475,22,5,5,2.28622021929
0.002,2.2475,23,5,5,3.28896641281
0.002,2.2475,24,5,5,0.813175839456
0.002,2.2475,25,5,5,4.904543995959999
0.002,2.2475,26,5,5,0.717792002771
0.002,2.2475,27,5,5,5.53095619415
0.002,2.2475,28,5,5,1.10443546404
0.002,2.2475,29,5,5,2.34318938162
0.002,2.2475,3,5,5,1.8827240315
0.002,2.2475,30,5,5,2.7586665486
0.002,2.2475,31,5,5,0.508300999015
0.002,2.2475,32,5,5,1.47622802728
0.002,2.2475,33,6,6,2.80658285125
0.002,2.2475,34,6,6,2.1960019969299998
0.002,2.2475,35,5,5,1.80018578598
0.002,2.2475,36,5,5,1.69922874274
0.002,2.2475,37,5,5,2.3604169691599997
0.002,2.2475,38,5,5,1.0286037089
0.002,2.2475,39,5,5,3.02384842887
0.002,2.2475,4,5,5,1.5336903049200001
0.002,2.2475,40,5,5,1.07097927762
0.002,2.2475,41,5,5,0.8388251805879999
0.002,2.2475,42,5,5,1.99587779882
0.002,2.2475,43,5,5,1.96638527616
0.002,2.2475,44,5,6,2.29151610249
0.002,2.2475,45,5,5,0.608791713652
0.002,2.2475,46,5,5,2.44461846873
0.002,2.2475,47,5,5,1.33479260388
0.002,2.2475,48,5,5,5.17014317231
0.002,2.2475,49,5,5,2.4136237962
0.002,2.2475,5,5,5,4.62117323822
0.002,2.2475,50,5,5,2.0013505692099995
0.002,2.2475,51,5,5,1.62226069865
0.002,2.2475,52,5,5,1.7019918211200002
0.002,2.2475,53,5,5,1.87048354999
0.002,2.2475,54,5,5,2.05008970036
0.002,2.2475,55,5,5,2.2686918978
0.002,2.2475,56,5,5,1.97503173153
0.002,2.2475,57,5,5,2.68349038657
0.002,2.2475,58,5,5,1.36459002482
0.002,2.2475,59,5,5,1.22268356104
0.002,2.2475,6,5,5,1.60656276238
0.002,2.2475,60,5,5,2.4095032709599997
0.002,2.2475,61,5,5,3.4154418826099997
0.002,2.2475,62,5,5,2.6057462299700003
0.002,2.2475,63,5,5,2.42338107
0.002,2.2475,64,5,5,1.7304377054599998
0.002,2.2475,65,5,5,1.87459406468
0.002,2.2475,66,5,5,1.31406339057
0.002,2.2475,67,5,7,2.12800938013
0.002,2.2475,68,5,5,0.74550029835
0.002,2.2475,69,5,5,0.29264366569
0.002,2.2475,7,5,5,1.37915592264
0.002,2.2475,70,5,5,3.7260117777199997
0.002,2.2475,71,5,5,3.4327976355799996
0.002,2.2475,72,5,5,3.25527910443
0.002,2.2475,73,5,5,1.33350924328
0.002,2.2475,74,5,5,1.29684395265
0.002,2.2475,75,5,5,2.16302947874
0.002,2.2475,76,5,6,5.45113211853
0.002,2.2475,77,5,5,1.71256689799
0.002,2.2475,78,5,5,1.52326132477
0.002,2.2475,79,5,5,0.898680086581
0.002,2.2475,8,5,5,2.97682993017
0.002,2.2475,80,5,5,2.00587324265
0.002,2.2475,81,5,5,1.7636099921000001
0.002,2.2475,82,5,5,2.74188944358
0.002,2.2475,83,5,5,2.53102872882
0.002,2.2475,84,5,5,3.32132182045
0.002,2.2475,85,5,5,3.20498002043
0.002,2.2475,86,5,5,1.3673923433700002
0.002,2.2475,87,5,5,6.64348562514
0.002,2.2475,88,5,5,1.94728214501
0.002,2.2475,89,5,5,1.4963400780899998
0.002,2.2475,9,5,5,2.2831599425099998
0.002,2.2475,90,5,5,2.1574451507
0.002,2.2475,91,5,5,2.47070582365
0.002,2.2475,92,5,5,3.2788053238
0.002,2.2475,93,5,5,2.68261838459
0.002,2.2475,94,5,5,1.8428040661400003
0.002,2.2475,95,5,5,1.78132800665
0.002,2.2475,96,5,5,1.9978994892400002
0.002,2.2475,97,5,5,3.42156999522
0.002,2.2475,98,5,5,2.17276109247
0.002,2.2475,99,5,5,6.882946658210001
0.002,2.495,0,5,5,0.973339304794
0.002,2.495,1,5,5,2.25663058559
0.002,2.495,10,5,5,1.37536449613
0.002,2.495,11,5,5,1.8343036655200002
0.002,2.495,12,5,5,2.3998833028299997
0.002,2.495,13,5,5,1.2792555822799998
0.002,2.495,14,5,5,0.822183301155
0.002,2.495,15,5,5,0.9918456352509999
0.002,2.495,16,5,5,2.5255168481599997
0.002,2.495,17,5,5,2.12209454114
0.002,2.495,18,5,5,1.3360803208499998
0.002,2.495,19,5,5,1.27188413643
0.002,2.495,2,5,5,3.2880719661799995
0.002,2.495,20,5,6,2.97800096268
0.002,2.495,21,5,5,1.9118476258700001
0.002,2.495,22,5,5,2.0360270126900004
0.002,2.495,23,5,5,1.53749668419
0.002,2.495,24,5,5,3.2142128152900002
0.002,2.495,25,5,5,1.37433237144
0.002,2.495,26,5,5,1.8864729816699999
0.002,2.495,27,5,5,1.20495556657
0.002,2.495,28,5,5,6.17392582426
0.002,2.495,29,5,5,1.58645083395
0.002,2.495,3,5,5,0.441263046906
0.002,2.495,30,5,5,1.61059980951
0.002,2.495,31,5,5,3.11481427254
0.002,2.495,32,5,5,2.0065077051099998
0.002,2.495,33,5,5,2.01462972969
0.002,2.495,34,5,5,2.17691697741
0.002,2.495,35,5,5,2.17860049628
0.002,2.495,36,5,5,1.49601185152
0.002,2.495,37,5,5,1.7709726840200002
0.002,2.495,38,5,5,3.7723577102699997
0.002,2.495,39,5,5,4.83713105384
0.002,2.495,4,5,5,1.71447566152
0.002,2.495,40,5,5,1.25053098434
0.002,2.495,41,5,5,1.34899891659
0.002,2.495,42,5,5,2.4879777987900003
0.002,2.495,43,5,5,4.10189830836
0.002,2.495,44,5,5,2.6671717948800002
0.002,2.495,45,5,5,2.57542275567
0.002,2.495,46,5,5,2.35967479288
0.002,2.495,47,5,5,1.7069688820299997
0.002,2.495,48,5,5,1.5202112620200001
0.002,2.495,49,5,5,1.07137637863
0.002,2.495,5,5,5,2.58569665042
0.002,2.495,50,5,5,0.765540618423
0.002,2.495,51,5,5,1.08396615568
0.002,2.495,52,5,5,2.6772762198
0.002,2.495,53,5,5,1.35498025962
0.002,2.495,54,5,5,1.65833028493
0.002,2.495,55,5,5,3.6877661954800005
0.002,2.495,56,5,5,5.49972557531
0.002,2.495,57,5,5,3.0046311897099995
0.002,2.495,58,5,5,1.8934573830099999
0.002,2.495,59,5,5,2.48870887563
0.002,2.495,6,5,5,4.80906737934
0.002,2.495,60,5,5,2.25725641228
0.002,2.495,61,5,5,1.26779577163
0.002,2.495,62,5,5,1.46316061408
0.002,2.495,63,5,5,1.6909826847799998
0.002,2.495,64,5,5,4.93241754508
0.002,2.495,65,5,5,3.82892409242
0.002,2.495,66,5,6,3.74323509075
0.002,2.495,67,5,5,1.18838976122
0.002,2.495,68,5,5,0.894399447299
0.002,2.495,69,5,5,0.937218062451
0.002,2.495,7,5,5,2.1914378196
0.002,2.495,70,5,5,1.63287669042
0.002,2.495,71,5,5,1.9837961720400004
0.002,2.495,72,5,5,1.9655395637400002
0.002,2.495,73,5,5,1.9401786425099998
0.002,2.495,74,5,5,2.28317441052
0.002,2.495,75,5,5,2.4239047113099996
0.002,2.495,76,5,5,1.72449224369
0.002,2.495,77,5,5,3.0794501851300002
0.002,2.495,78,5,5,0.9118920170460001
0.002,2.495,79,5,5,1.7559190004900003
0.002,2.495,8,5,5,4.62319059161
0.002,2.495,80,5,5,1.9896304775099998
0.002,2.495,81,5,5,1.96575080377
0.002,2.495,82,5,5,1.0924820472299999
0.002,2.495,83,5,5,1.3055964581100001
0.002,2.495,84,5,5,1.74086237461
0.002,2.495,85,5,5,3.2329274713
0.002,2.495,86,5,5,0.908453956857
0.002,2.495,87,5,5,2.28597918407
0.002,2.495,88,5,5,1.6541662124399998
0.002,2.495,89,5,5,1.9526393801099997
0.002,2.495,9,5,5,3.5422322299
0.002,2.495,90,5,5,1.02387775497
0.002,2.495,91,5,5,1.43569580306
0.002,2.495,92,5,5,2.90037001331
0.002,2.495,93,5,5,0.8306676451780001
0.002,2.495,94,5,5,1.78127696708
0.002,2.495,95,5,5,2.8447881712400003
0.002,2.495,96,5,5,1.38349056475
0.002,2.495,97,5,5,0.943285585335
0.002,2.495,98,5,5,2.7325804467699997
0.002,2.495,99,5,5,1.8862467594999999
0.002,2.7425,0,5,5,4.3045176520599995
0.002,2.7425,1,5,5,1.11790146809
0.002,2.7425,10,5,5,5.30298688362
0.002,2.7425,11,5,5,1.41555629761
0.002,2.7425,12,5,5,2.55760272985
0.002,2.7425,13,5,5,0.740606318844
0.002,2.7425,14,5,5,1.91343778713
0.002,2.7425,15,5,5,1.70651235428
0.002,2.7425,16,5,5,1.53074534999
0.002,2.7425,17,5,5,1.11006456195
0.002,2.7425,18,5,5,0.47637831378999995
0.002,2.7425,19,5,5,2.03819973228
0.002,2.7425,2,5,5,2.1179803278000002
0.002,2.7425,20,5,5,6.550940681769999
0.002,2.7425,21,5,5,1.8915511675099999
0.002,2.7425,22,5,5,7.2968947311
0.002,2.7425,23,5,5,1.92798232148
0.002,2.7425,24,5,5,4.4971798196199995
0.002,2.7425,25,5,5,2.44743569048
0.002,2.7425,26,5,5,1.36519932537
0.002,2.7425,27,5,5,1.2383498715799999
0.002,2.7425,28,5,5,0.981259297794
0.002,2.7425,29,5,5,4.15483238487
0.002,2.7425,3,5,5,1.51833875093
0.002,2.7425,30,5,5,1.54128005695
0.002,2.7425,31,5,5,2.66929535405
0.002,2.7425,32,5,5,1.9827417687400002
0.002,2.7425,33,5,5,4.60371978638
0.002,2.7425,34,5,5,1.74658383686
0.002,2.7425,35,5,5,2.200288011
0.002,2.7425,36,5,5,1.41648403221
0.002,2.7425,37,5,5,1.2439717338299998
0.002,2.7425,38,5,5,2.53741280604
0.002,2.7425,39,5,5,4.39659603933
0.002,2.7425,4,5,5,1.6934872739200002
0.002,2.7425,40,5,5,0.807421114985
0.002,2.7425,41,5,5,1.34525154347
0.002,2.7425,42,5,5,1.19226598157
0.002,2.7425,43,5,5,3.26308345305
0.002,2.7425,44,5,5,1.5091580423100002
0.002,2.7425,45,5,5,0.837232084285
0.002,2.7425,46,5,5,1.2431434086700002
0.002,2.7425,47,5,5,3.9268042533
0.002,2.7425,48,5,5,2.6332116561200003
0.002,2.7425,49,5,5,1.01953243419
0.002,2.7425,5,5,5,2.1929784164700004
0.002,2.7425,50,5,5,2.06003721615
0.002,2.7425,51,5,5,1.70201785894
0.002,2.7425,52,5,5,1.1070889200799998
0.002,2.7425,53,5,5,2.9679315491600002
0.002,2.7425,54,5,5,1.09925636315
0.002,2.7425,55,5,5,2.36815766906
0.002,2.7425,56,5,5,2.1809684439400003
0.002,2.7425,57,5,5,1.57226336626
0.002,2.7425,58,5,5,2.90736465657
0.002,2.7425,59,5,5,0.9828800511460001
0.002,2.7425,6,5,5,2.44032981765
0.002,2.7425,60,5,5,1.6002292691
0.002,2.7425,61,5,5,0.675845834618
0.002,2.7425,62,5,5,3.6835096313599998
0.002,2.7425,63,5,5,2.13561084055
0.002,2.7425,64,5,5,1.77357167233
0.002,2.7425,65,5,5,2.04262327058
0.002,2.7425,66,5,5,2.5054465057599997
0.002,2.7425,67,5,5,2.6967590618799995
0.002,2.7425,68,5,5,1.52715715396
0.002,2.7425,69,5,5,0.30955141614
0.002,2.7425,7,5,5,1.0834171560299999
0.002,2.7425,70,5,5,1.3636005768700001
0.002,2.7425,71,5,5,2.53169457595
0.002,2.7425,72,5,5,0.85123403678
0.002,2.7425,73,5,5,1.91832208349
0.002,2.7425,74,5,5,2.38315220463
0.002,2.7425,75,5,5,2.36668068129
0.002,2.7425,76,5,6,2.25843673955
0.002,2.7425,77,5,5,2.64103543951
0.002,2.7425,78,5,5,2.48682584248
0.002,2.7425,79,5,5,2.2621493149000003
0.002,2.7425,8,5,5,2.25928956496
0.002,2.7425,80,5,5,3.1566118301599997
0.002,2.7425,81,5,5,2.45796708741
0.002,2.7425,82,5,5,3.6265677931
0.002,2.7425,83,5,5,1.7621484846900002
0.002,2.7425,84,5,5,0.85727276159
0.002,2.7425,85,5,5,1.7679562172999999
0.002,2.7425,86,5,5,0.967800195986
0.002,2.7425,87,5,5,2.39881093012
0.002,2.7425,88,5,5,0.864803599349
0.002,2.7425,89,5,5,0.9486056010639999
0.002,2.7425,9,5,5,3.15803193849
0.002,2.7425,90,5,5,3.52148091741
0.002,2.7425,91,5,5,1.2534243247
0.002,2.7425,92,5,5,0.729840497942
0.002,2.7425,93,5,5,3.2728836572500004
0.002,2.7425,94,5,5,4.432183569009999
0.002,2.7425,95,5,5,2.45138195786
0.002,2.7425,96,5,5,3.6234666427099995
0.002,2.7425,97,5,5,2.16244991566
0.002,2.7425,98,5,5,3.8716181242900003
0.002,2.7425,99,5,5,1.35657953727
0.002,2.99,0,5,5,3.64626617999
0.002,2.99,1,5,5,3.23090334994
0.002,2.99,10,5,5,1.26310397256
0.002,2.99,11,5,5,1.71876427095
0.002,2.99,12,5,5,2.0879959946
0.002,2.99,13,5,5,4.38976312794
0.002,2.99,14,5,5,2.7317341335600003
0.002,2.99,15,5,5,0.7745750343889999
0.002,2.99,16,5,5,3.15347765131
0.002,2.99,17,5,5,3.62103270796
0.002,2.99,18,5,5,3.0128866854400003
0.002,2.99,19,5,5,0.8164581213490001
0.002,2.99,2,5,5,5.22955341554
0.002,2.99,20,5,5,1.35456387814
0.002,2.99,21,5,5,1.39124373255
0.002,2.99,22,5,6,1.9689727854499999
0.002,2.99,23,5,5,1.5854681416499998
0.002,2.99,24,5,5,0.8632664305040001
0.002,2.99,25,5,5,3.0984707984799997
0.002,2.99,26,5,5,0.744256046204
0.002,2.99,27,5,5,1.96758430692
0.002,2.99,28,5,5,3.0460897148400004
0.002,2.99,29,5,5,0.721463554231
0.002,2.99,3,5,5,3.3415680839599995
0.002,2.99,30,5,5,2.8314991595200003
0.002,2.99,31,5,5,3.48517011492
0.002,2.99,32,5,5,1.04034350063
0.002,2.99,33,6,6,3.44980523502
0.002,2.99,34,5,5,1.16977248301
0.002,2.99,35,5,5,3.2057855821
0.002,2.99,36,5,5,6.55624824287
0.002,2.99,37,5,5,3.7156955339
0.002,2.99,38,5,5,3.77200356371
0.002,2.99,39,5,5,1.67636562005
0.002,2.99,4,5,5,3.61369486556
0.002,2.99,40,5,5,2.07048860962
0.002,2.99,41,5,5,1.31486078762
0.002,2.99,42,5,5,3.334621261
0.002,2.99,43,5,5,1.45372561999
0.002,2.99,44,5,5,5.87603159801
0.002,2.99,45,5,5,2.23503507463
0.002,2.99,46,5,5,3.16428762256
0.002,2.99,47,5,5,2.8228879779400002
0.002,2.99,48,5,5,2.17790046495
0.002,2.99,49,5,5,0.754790283037
0.002,2.99,5,5,5,1.39359137945
0.002,2.99,50,5,5,3.1719891533899998
0.002,2.99,51,5,5,3.2158263878900004
0.002,2.99,52,5,5,1.18065441566
0.002,2.99,53,5,5,1.47207579139
0.002,2.99,54,5,5,0.990017821028
0.002,2.99,55,5,5,3.18276096372
0.002,2.99,56,5,5,2.36336596074
0.002,2.99,57,5,5,2.6149954829700004
0.002,2.99,58,6,6,1.61153234936
0.002,2.99,59,5,5,0.6926544593899999
0.002,2.99,6,5,5,2.26259195187
0.002,2.99,60,5,5,1.7176677522
0.002,2.99,61,5,5,1.53091932085
0.002,2.99,62,5,5,8.13605378035
0.002,2.99,63,5,5,1.4617895148500002
0.002,2.99,64,5,5,2.38162654756
0.002,2.99,65,5,5,1.7153729786399998
0.002,2.99,66,5,5,3.43398150424
0.002,2.99,67,5,5,1.08463119806
0.002,2.99,68,5,5,2.94724057384
0.002,2.99,69,5,5,3.44769380977
0.002,2.99,7,5,5,4.42837207429
0.002,2.99,70,5,5,2.2869418294
0.002,2.99,71,5,5,1.7294457051900003
0.002,2.99,72,5,5,2.6391048054499997
0.002,2.99,73,5,5,1.80067643727
0.002,2.99,74,5,5,2.16728565309
0.002,2.99,75,5,5,1.7652098622
0.002,2.99,76,5,5,1.5341493050200001
0.002,2.99,77,5,5,5.511976970009999
0.002,2.99,78,5,5,3.5218882733499997
0.002,2.99,79,5,5,1.25183848515
0.002,2.99,8,5,5,3.06662113307
0.002,2.99,80,5,5,2.4997194252400003
0.002,2.99,81,5,5,2.91038412343
0.002,2.99,82,5,5,4.27066122616
0.002,2.99,83,5,5,1.26267314486
0.002,2.99,84,5,5,2.18644198776
0.002,2.99,85,5,5,0.8240628309
0.002,2.99,86,5,5,0.820922866068
0.002,2.99,87,5,5,2.7269802608099996
0.002,2.99,88,5,5,2.1763477056
0.002,2.99,89,5,5,1.2344652010100001
0.002,2.99,9,5,5,0.956156116754
0.002,2.99,90,5,5,2.1381082683400003
0.002,2.99,91,5,5,4.76926449869
0.002,2.99,92,5,5,3.07365095113
0.002,2.99,93,5,5,5.018402212430001
0.002,2.99,94,5,5,2.14732650183
0.002,2.99,95,5,5,1.28375324465
0.002,2.99,96,5,5,5.41919629696
0.002,2.99,97,5,5,1.52858912914
0.002,2.99,98,5,5,3.6274028215800005
0.002,2.99,99,5,5,2.76071177682
0.15615,2.0,0,5,5,1.72961420433
0.15615,2.0,1,776,1852,11.197135324200001
0.15615,2.0,10,5,5,0.6071665855489999
0.15615,2.0,11,882,2558,11.3220272168
0.15615,2.0,12,5,5,1.42040569164
0.15615,2.0,13,734,1904,11.0422928449
0.15615,2.0,14,5,5,0.721221637527
0.15615,2.0,15,761,2250,11.7083231698
0.15615,2.0,16,5,5,1.62410853736
0.15615,2.0,17,850,2117,10.9078400396
0.15615,2.0,18,5,5,1.5684075103600001
0.15615,2.0,19,641,1808,9.204104733069999
0.15615,2.0,2,688,1729,12.211907827100001
0.15615,2.0,20,763,1949,15.1638279544
0.15615,2.0,21,5,7,2.16535818982
0.15615,2.0,22,673,1695,9.96002112853
0.15615,2.0,23,770,2095,9.572115112619999
0.15615,2.0,24,763,2048,9.57135292243
0.15615,2.0,25,5,5,4.22249862307
0.15615,2.0,26,6,9,1.9913146506400001
0.15615,2.0,27,5,5,0.8448360644499999
0.15615,2.0,28,856,2141,9.756407749860001
0.15615,2.0,29,615,1752,12.401046006800001
0.15615,2.0,3,5,5,0.802576595393
0.15615,2.0,30,838,2475,9.33887695534
0.15615,2.0,31,6,6,1.30887250215
0.15615,2.0,32,5,5,0.850789594792
0.15615,2.0,33,793,2205,10.037390992999999
0.15615,2.0,34,846,2264,11.751955518299999
0.15615,2.0,35,752,2062,11.0546846872
0.15615,2.0,36,5,6,5.42598072686
0.15615,2.0,37,877,2255,10.3329501133
0.15615,2.0,38,831,2045,10.4366472097
0.15615,2.0,39,790,1867,10.4991627514
0.15615,2.0,4,713,1823,11.60329532
0.15615,2.0,40,900,2053,8.111925173180001
0.15615,2.0,41,873,2820,11.302053750999999
0.15615,2.0,42,5,5,3.05514694043
0.15615,2.0,43,886,2190,11.1665051153
0.15615,2.0,44,779,2585,13.7725172009
0.15615,2.0,45,831,2278,11.343027559100001
0.15615,2.0,46,659,1906,11.97558319
0.15615,2.0,47,5,5,1.9800742167099998
0.15615,2.0,48,723,1951,10.210230279700001
0.15615,2.0,49,768,1974,13.174927370199999
0.15615,2.0,5,762,2136,9.684049674489998
0.15615,2.0,50,806,2008,12.9134246865
0.15615,2.0,51,826,2212,10.2714562983
0.15615,2.0,52,774,1874,10.012607232
0.15615,2.0,53,5,6,1.91227355373
0.15615,2.0,54,662,1775,13.265913814500001
0.15615,2.0,55,5,5,0.637017391321
0.15615,2.0,56,654,1697,15.7154601528
0.15615,2.0,57,832,2222,9.17056170653
0.15615,2.0,58,822,2057,9.01084634492
0.15615,2.0,59,5,5,3.2916347558599997
0.15615,2.0,6,5,5,1.24491538761
0.15615,2.0,60,5,5,2.2388174094299997
0.15615,2.0,61,835,2312,13.2390459282
0.15615,2.0,62,699,1865,10.1765997724
0.15615,2.0,63,852,2071,8.2651992053
0.15615,2.0,64,816,2003,11.5158210712
0.15615,2.0,65,693,1898,11.781847665999999
0.15615,2.0,66,772,2173,12.176310293199998
0.15615,2.0,67,743,1961,9.15497354285
0.15615,2.0,68,862,2182,13.7289754835
0.15615,2.0,69,751,2026,10.3042809416
0.15615,2.0,7,689,1922,11.276263516099998
0.15615,2.0,70,669,1769,10.3498221481
0.15615,2.0,71,846,2364,11.882668064
0.15615,2.0,72,6,6,3.10337444427
0.15615,2.0,73,828,2075,12.3522898545
0.15615,2.0,74,786,2221,10.164404314299999
0.15615,2.0,75,5,5,1.0735672422
0.15615,2.0,76,5,5,1.44323466331
0.15615,2.0,77,767,2022,10.6552137783
0.15615,2.0,78,743,2197,12.925836369
0.15615,2.0,79,6,7,3.2853592027099996
0.15615,2.0,8,5,7,3.03041858769
0.15615,2.0,80,792,2049,12.258245493699999
0.15615,2.0,81,880,2460,9.56602808281
0.15615,2.0,82,799,2448,12.1958291622
0.15615,2.0,83,5,6,2.53987398246
0.15615,2.0,84,810,2230,11.1590161413
0.15615,2.0,85,788,2131,9.37760759132
0.15615,2.0,86,5,5,1.5780502201
0.15615,2.0,87,841,2114,11.0869804652
0.15615,2.0,88,5,6,1.7418351770700002
0.15615,2.0,89,596,1625,11.807348093900002
0.15615,2.0,9,806,2327,10.0437475854
0.15615,2.0,90,5,5,3.74013133866
0.15615,2.0,91,762,2002,11.9045321947
0.15615,2.0,92,909,2545,9.288312866639998
0.15615,2.0,93,871,2043,9.027746385
0.15615,2.0,94,866,2012,9.90966220776
0.15615,2.0,95,472,1381,11.687185122699999
0.15615,2.0,96,719,2057,10.822063934600001
0.15615,2.0,97,5,5,1.3617672439700002
0.15615,2.0,98,819,2106,11.1072377303
0.15615,2.0,99,549,1563,11.1396801627
0.15615,2.2475,0,5,5,2.11683113059
0.15615,2.2475,1,7,8,3.22878106421
0.15615,2.2475,10,299,910,11.3168411654
0.15615,2.2475,11,6,8,1.5466079968200002
0.15615,2.2475,12,6,6,1.80376115182
0.15615,2.2475,13,5,5,2.4736268032599997
0.15615,2.2475,14,5,5,1.05550575035
0.15615,2.2475,15,5,6,2.99244706951
0.15615,2.2475,16,6,8,3.4679138515699997
0.15615,2.2475,17,341,1248,15.016573355799999
0.15615,2.2475,18,260,1108,12.9489460341
0.15615,2.2475,19,5,5,0.760455138418
0.15615,2.2475,2,5,6,1.40527713983
0.15615,2.2475,20,328,955,11.9731172846
0.15615,2.2475,21,7,12,4.99087802581
0.15615,2.2475,22,5,5,1.6815429540600002
0.15615,2.2475,23,5,5,1.61559746269
0.15615,2.2475,24,6,7,1.3161454067799998
0.15615,2.2475,25,394,1119,13.1236007593
0.15615,2.2475,26,7,8,3.8815489269800003
0.15615,2.2475,27,5,5,1.7579708680200001
0.15615,2.2475,28,5,10,2.70294030576
0.15615,2.2475,29,7,10,2.65285716053
0.15615,2.2475,3,262,1078,10.651744108799999
0.15615,2.2475,30,6,9,2.31799057853
0.15615,2.2475,31,276,876,12.015284816700001
0.15615,2.2475,32,5,5,4.7336923706
0.15615,2.2475,33,6,9,1.7770396604900003
0.15615,2.2475,34,5,5,1.8775663854400002
0.15615,2.2475,35,5,6,1.9434877215000002
0.15615,2.2475,36,5,5,1.4332306492200002
0.15615,2.2475,37,5,6,1.4287934094799999
0.15615,2.2475,38,5,6,2.84903910333
0.15615,2.2475,39,262,941,14.3685079453
0.15615,2.2475,4,5,5,0.561345622745
0.15615,2.2475,40,5,10,4.24636722476
0.15615,2.2475,41,5,8,5.28833489151
0.15615,2.2475,42,5,6,4.61127986965
0.15615,2.2475,43,5,5,1.27600348305
0.15615,2.2475,44,5,6,6.56411426039
0.15615,2.2475,45,5,8,4.20960686328
0.15615,2.2475,46,5,6,1.57990017143
0.15615,2.2475,47,236,854,13.964066439100002
0.15615,2.2475,48,306,1025,19.2624271141
0.15615,2.2475,49,5,7,2.12077694615
0.15615,2.2475,5,267,893,12.176422753199999
0.15615,2.2475,50,5,7,3.0241806438300003
0.15615,2.2475,51,253,964,13.362880954400001
0.15615,2.2475,52,425,1163,9.04261327265
0.15615,2.2475,53,5,6,2.3926254671900002
0.15615,2.2475,54,6,6,1.6676921959
0.15615,2.2475,55,5,6,2.1206161832099997
0.15615,2.2475,56,5,10,4.05695104633
0.15615,2.2475,57,5,5,0.686988650406
0.15615,2.2475,58,350,1266,12.932516969000002
0.15615,2.2475,59,258,845,10.4621473972
0.15615,2.2475,6,8,11,4.66452795592
0.15615,2.2475,60,5,5,1.5527716219499998
0.15615,2.2475,61,491,1423,16.8026473775
0.15615,2.2475,62,6,7,3.0918244683599996
0.15615,2.2475,63,5,5,3.39072436574
0.15615,2.2475,64,345,1018,10.3764831048
0.15615,2.2475,65,5,5,1.8545002801700001
0.15615,2.2475,66,5,7,4.0649991556
0.15615,2.2475,67,5,5,6.43323703883
0.15615,2.2475,68,496,1741,10.9879184546
0.15615,2.2475,69,5,5,2.1218186709099998
0.15615,2.2475,7,5,7,1.7301413205
0.15615,2.2475,70,300,921,11.4995858917
0.15615,2.2475,71,254,802,10.7560657771
0.15615,2.2475,72,5,6,0.784663127094
0.15615,2.2475,73,5,6,3.57729475698
0.15615,2.2475,74,7,8,1.6282560443399998
0.15615,2.2475,75,5,6,4.1379868776999995
0.15615,2.2475,76,5,5,2.0638502591099996
0.15615,2.2475,77,357,1015,11.4906643512
0.15615,2.2475,78,270,919,13.3460502168
0.15615,2.2475,79,5,6,4.40497782098
0.15615,2.2475,8,5,6,4.79994333929
0.15615,2.2475,80,301,1148,13.0063927599
0.15615,2.2475,81,325,1046,11.887005927999999
0.15615,2.2475,82,330,1224,13.0320684762
0.15615,2.2475,83,5,5,0.677301501711
0.15615,2.2475,84,218,817,13.7032817136
0.15615,2.2475,85,193,793,12.2231655855
0.15615,2.2475,86,240,895,10.0795674763
0.15615,2.2475,87,165,746,17.0935247245
0.15615,2.2475,88,5,5,0.9221805926729999
0.15615,2.2475,89,5,8,1.97233341021
0.15615,2.2475,9,7,10,2.6866923799
0.15615,2.2475,90,5,9,7.2892577128
0.15615,2.2475,91,335,1034,12.5410090396
0.15615,2.2475,92,6,8,3.1906058473
0.15615,2.2475,93,5,6,1.7841321405200001
0.15615,2.2475,94,323,1014,11.790095798
0.15615,2.2475,95,5,5,1.3671740960799998
0.15615,2.2475,96,5,7,2.85972745286
0.15615,2.2475,97,290,901,12.325879199800001
0.15615,2.2475,98,5,6,2.7835612251599997
0.15615,2.2475,99,5,5,3.6553416052900003
0.15615,2.495,0,5,5,2.93184476008
0.15615,2.495,1,5,5,2.10121056123
0.15615,2.495,10,5,5,4.001087033769999
0.15615,2.495,11,5,5,1.8152182028900001
0.15615,2.495,12,6,11,5.907499485730001
0.15615,2.495,13,11,36,6.87450657521
0.15615,2.495,14,5,5,4.9436453092
0.15615,2.495,15,5,5,0.746291410211
0.15615,2.495,16,5,6,3.00413435931
0.15615,2.495,17,6,7,2.00942728964
0.15615,2.495,18,6,13,3.9861303206
0.15615,2.495,19,5,7,3.27571419913
0.15615,2.495,2,5,5,0.84388922668
0.15615,2.495,20,6,7,3.2060969614899997
0.15615,2.495,21,5,5,1.27753265452
0.15615,2.495,22,5,5,2.6671717555
0.15615,2.495,23,5,5,1.37368595338
0.15615,2.495,24,20,42,7.87699193102
0.15615,2.495,25,5,5,2.50052825842
0.15615,2.495,26,5,5,2.3040373016999998
0.15615,2.495,27,5,6,1.3916475424799999
0.15615,2.495,28,5,5,1.35695421118
0.15615,2.495,29,5,5,1.3342440388299999
0.15615,2.495,3,30,56,7.23332917697
0.15615,2.495,30,5,11,5.218301629680001
0.15615,2.495,31,5,6,2.1436862580400002
0.15615,2.495,32,6,10,3.60964029454
0.15615,2.495,33,6,6,1.36731603169
0.15615,2.495,34,5,5,2.2862998214099997
0.15615,2.495,35,101,376,12.590802229500001
0.15615,2.495,36,5,7,2.91119233993
0.15615,2.495,37,8,13,4.64523647643
0.15615,2.495,38,5,8,1.66816196176
0.15615,2.495,39,5,7,1.4246245331999998
0.15615,2.495,4,8,10,3.13725183374
0.15615,2.495,40,5,8,4.94458565379
0.15615,2.495,41,5,5,1.56992032725
0.15615,2.495,42,82,377,13.1964489245
0.15615,2.495,43,5,5,2.32938383369
0.15615,2.495,44,5,7,2.43113061894
0.15615,2.495,45,5,8,2.97353267179
0.15615,2.495,46,5,5,2.32787448475
0.15615,2.495,47,6,10,3.0242189028500004
0.15615,2.495,48,6,7,2.37695542834
0.15615,2.495,49,6,9,4.236293273999999
0.15615,2.495,5,5,5,2.04523596212
0.15615,2.495,50,7,8,1.29439980987
0.15615,2.495,51,6,12,3.4311547027900002
0.15615,2.495,52,130,487,10.7852731454
0.15615,2.495,53,5,5,4.04482101124
0.15615,2.495,54,78,339,14.719707465599999
0.15615,2.495,55,5,6,3.22789569231
0.15615,2.495,56,7,7,2.3405726328400003
0.15615,2.495,57,5,11,7.60431029275
0.15615,2.495,58,5,7,3.3046273943
0.15615,2.495,59,5,5,3.40646815576
0.15615,2.495,6,7,13,3.75487905018
0.15615,2.495,60,5,5,0.664745739372
0.15615,2.495,61,5,6,4.03700113953
0.15615,2.495,62,33,113,10.2654096624
0.15615,2.495,63,37,150,11.736427168699999
0.15615,2.495,64,5,5,2.36144673586
0.15615,2.495,65,62,124,9.23846030572
0.15615,2.495,66,13,28,7.22849005254
0.15615,2.495,67,5,7,2.11549538882
0.15615,2.495,68,5,5,4.9033832979900005
0.15615,2.495,69,5,5,0.566014440321
0.15615,2.495,7,5,7,2.56486902081
0.15615,2.495,70,67,258,11.5471581084
0.15615,2.495,71,68,278,13.3955876369
0.15615,2.495,72,6,6,3.6697521891000005
0.15615,2.495,73,5,7,2.58559029164
0.15615,2.495,74,6,8,1.70431680264
0.15615,2.495,75,6,14,2.8764551481200002
0.15615,2.495,76,5,5,0.747014170608
0.15615,2.495,77,8,8,2.3920488302200003
0.15615,2.495,78,176,551,11.5756562298
0.15615,2.495,79,16,30,7.37236418457
0.15615,2.495,8,5,9,3.6479616362900003
0.15615,2.495,80,5,7,2.47662036586
0.15615,2.495,81,5,6,1.2789968235
0.15615,2.495,82,5,6,1.05987850329
0.15615,2.495,83,8,8,3.9123906418
0.15615,2.495,84,5,6,3.2009391084900005
0.15615,2.495,85,5,7,5.88636245553
0.15615,2.495,86,10,16,3.04746346961
0.15615,2.495,87,14,34,8.17757106903
0.15615,2.495,88,5,6,5.39685822415
0.15615,2.495,89,5,5,1.83669949574
0.15615,2.495,9,68,333,18.6998233756
0.15615,2.495,90,5,5,3.29939622885
0.15615,2.495,91,5,5,2.68788493385
0.15615,2.495,92,5,7,3.30329654285
0.15615,2.495,93,5,5,2.00806677322
0.15615,2.495,94,5,5,2.26323315442
0.15615,2.495,95,5,6,2.66088708913
0.15615,2.495,96,7,12,5.97641980148
0.15615,2.495,97,5,6,1.4981869417700002
0.15615,2.495,98,7,11,2.73585424128
0.15615,2.495,99,5,5,1.0217460537799998
0.15615,2.7425,0,5,7,4.72831840114
0.15615,2.7425,1,5,9,4.2766343531699995
0.15615,2.7425,10,5,5,2.28117876124
0.15615,2.7425,11,12,34,7.67559442093
0.15615,2.7425,12,7,14,7.3795318437
0.15615,2.7425,13,6,8,5.03858864708
0.15615,2.7425,14,5,5,2.67362349906
0.15615,2.7425,15,6,8,3.67470119181
0.15615,2.7425,16,5,5,3.8405243519
0.15615,2.7425,17,5,6,2.3221711957799998
0.15615,2.7425,18,5,5,2.64553049943
0.15615,2.7425,19,5,5,2.0239987954
0.15615,2.7425,2,5,5,2.05269772061
0.15615,2.7425,20,20,50,7.923848249269999
0.15615,2.7425,21,5,6,1.7088035594100002
0.15615,2.7425,22,5,5,1.35112442619
0.15615,2.7425,23,5,5,3.35597140296
0.15615,2.7425,24,5,6,3.16696316254
0.15615,2.7425,25,5,6,2.86867015943
0.15615,2.7425,26,5,7,1.8229478616900003
0.15615,2.7425,27,5,6,2.93306113022
0.15615,2.7425,28,7,8,3.70896763128
0.15615,2.7425,29,6,7,1.37380403835
0.15615,2.7425,3,5,5,0.984860553057
0.15615,2.7425,30,5,5,1.4126364476100002
0.15615,2.7425,31,5,6,1.6385709961700001
0.15615,2.7425,32,5,5,4.96366630304
0.15615,2.7425,33,17,53,7.297656577310001
0.15615,2.7425,34,5,6,6.90199392994
0.15615,2.7425,35,6,10,2.9399798427599997
0.15615,2.7425,36,15,26,3.29719185057
0.15615,2.7425,37,5,8,3.6380271282599996
0.15615,2.7425,38,6,6,4.2918328067900005
0.15615,2.7425,39,5,7,3.5827589575400003
0.15615,2.7425,4,6,11,5.759791509199999
0.15615,2.7425,40,5,5,1.35009124491
0.15615,2.7425,41,5,7,4.0492345452
0.15615,2.7425,42,8,16,4.306710540169999
0.15615,2.7425,43,5,5,1.89062494665
0.15615,2.7425,44,5,5,1.63732048435
0.15615,2.7425,45,6,10,2.7773320710400005
0.15615,2.7425,46,5,6,4.22102208125
0.15615,2.7425,47,5,6,1.9455294020900002
0.15615,2.7425,48,6,11,3.6964959534599995
0.15615,2.7425,49,6,6,3.65294634611
0.15615,2.7425,5,6,7,2.4330726270599996
0.15615,2.7425,50,8,8,1.7384042287099999
0.15615,2.7425,51,5,5,1.36187046647
0.15615,2.7425,52,6,7,4.34440820109
0.15615,2.7425,53,6,8,2.25527535349
0.15615,2.7425,54,6,8,2.99405744756
0.15615,2.7425,55,7,11,3.4680929364499997
0.15615,2.7425,56,8,15,3.25978817319
0.15615,2.7425,57,5,5,0.9385427666580001
0.15615,2.7425,58,6,8,7.39062435783
0.15615,2.7425,59,6,15,4.07790155066
0.15615,2.7425,6,5,6,2.74035263181
0.15615,2.7425,60,6,7,2.88357323838
0.15615,2.7425,61,5,5,0.872336594566
0.15615,2.7425,62,5,8,2.9762491956200003
0.15615,2.7425,63,7,9,2.24495865583
0.15615,2.7425,64,5,5,1.49993044139
0.15615,2.7425,65,5,6,2.20260194584
0.15615,2.7425,66,5,5,1.67606944224
0.15615,2.7425,67,7,11,2.59772336454
0.15615,2.7425,68,19,51,6.11435789805
0.15615,2.7425,69,13,16,3.01202931074
0.15615,2.7425,7,5,5,2.97899614505
0.15615,2.7425,70,5,5,1.04915864063
0.15615,2.7425,71,5,7,4.64229975079
0.15615,2.7425,72,5,6,3.8683229446599996
0.15615,2.7425,73,6,7,3.1050745655400003
0.15615,2.7425,74,5,5,2.2747536789
0.15615,2.7425,75,5,9,2.32021176808
0.15615,2.7425,76,5,5,2.1981459283500002
0.15615,2.7425,77,8,26,4.96914495976
0.15615,2.7425,78,5,6,4.29545889299
0.15615,2.7425,79,17,41,8.96853568782
0.15615,2.7425,8,5,6,3.88713376584
0.15615,2.7425,80,6,9,3.89752921481
0.15615,2.7425,81,6,7,2.09980299959
0.15615,2.7425,82,5,7,3.6194715303199994
0.15615,2.7425,83,7,11,3.7583185024300003
0.15615,2.7425,84,5,8,6.26726891584
0.15615,2.7425,85,31,78,8.60404541214
0.15615,2.7425,86,5,8,3.7213744021199995
0.15615,2.7425,87,5,5,2.54506994604
0.15615,2.7425,88,5,6,1.63239003541
0.15615,2.7425,89,5,5,4.17875414002
0.15615,2.7425,9,5,7,3.14392173819
0.15615,2.7425,90,7,7,2.46904927164
0.15615,2.7425,91,5,7,3.36100508376
0.15615,2.7425,92,46,161,8.21227533287
0.15615,2.7425,93,5,5,2.43891792711
0.15615,2.7425,94,5,6,1.53369605121
0.15615,2.7425,95,6,7,1.4415225804799998
0.15615,2.7425,96,7,10,2.19822584265
0.15615,2.7425,97,6,9,3.2023250905
0.15615,2.7425,98,5,8,5.94384863694
0.15615,2.7425,99,8,11,5.1013076140099995
0.15615,2.99,0,5,5,1.4427203947
0.15615,2.99,1,5,5,0.609441073983
0.15615,2.99,10,6,7,3.0044588818199998
0.15615,2.99,11,8,16,4.341387333769999
0.15615,2.99,12,7,14,3.01580859774
0.15615,2.99,13,6,10,3.23402234918
0.15615,2.99,14,5,5,1.13445615353
0.15615,2.99,15,5,5,2.0546194078
0.15615,2.99,16,5,5,3.98254300449
0.15615,2.99,17,5,6,3.48829983566
0.15615,2.99,18,5,5,2.64212872789
0.15615,2.99,19,5,6,2.5357717995400004
0.15615,2.99,2,6,6,1.6360554421399998
0.15615,2.99,20,6,6,1.07415685279
0.15615,2.99,21,5,6,2.32029028225
0.15615,2.99,22,5,5,0.8792187948729999
0.15615,2.99,23,5,6,3.6970918289099997
0.15615,2.99,24,6,8,2.59656846229
0.15615,2.99,25,6,9,3.4181248899799996
0.15615,2.99,26,5,10,2.58324852277
0.15615,2.99,27,5,5,0.556303235447
0.15615,2.99,28,5,6,4.67535270511
0.15615,2.99,29,6,6,0.990475646588
0.15615,2.99,3,5,6,3.74314783244
0.15615,2.99,30,8,17,6.7161289249800005
0.15615,2.99,31,5,5,1.7859744290700001
0.15615,2.99,32,5,6,1.24382280146
0.15615,2.99,33,5,6,1.686066115
0.15615,2.99,34,5,5,1.1089287106299999
0.15615,2.99,35,5,6,1.0892971520999999
0.15615,2.99,36,8,16,4.0526493386
0.15615,2.99,37,5,5,2.36062138456
0.15615,2.99,38,6,7,2.95032638603
0.15615,2.99,39,5,5,1.6810554393700001
0.15615,2.99,4,18,31,4.39172424616
0.15615,2.99,40,5,5,1.5049392433200002
0.15615,2.99,41,5,5,1.19047663914
0.15615,2.99,42,5,5,2.26594699045
0.15615,2.99,43,5,7,2.50559035703
0.15615,2.99,44,6,6,1.50225315762
0.15615,2.99,45,5,5,0.298984361676
0.15615,2.99,46,5,6,4.74831298478
0.15615,2.99,47,5,6,1.65639326951
0.15615,2.99,48,5,5,1.04293213873
0.15615,2.99,49,6,9,4.43646635842
0.15615,2.99,5,5,5,0.608887576289
0.15615,2.99,50,6,8,1.7388016385
0.15615,2.99,51,5,11,5.58100246449
0.15615,2.99,52,5,6,3.3355430368900003
0.15615,2.99,53,5,6,2.92461539005
0.15615,2.99,54,5,10,3.7294877067
0.15615,2.99,55,5,5,3.9545389096099997
0.15615,2.99,56,5,5,1.4774846332299998
0.15615,2.99,57,5,6,2.73009309271
0.15615,2.99,58,14,38,6.157330276900001
0.15615,2.99,59,5,5,1.58060559916
0.15615,2.99,6,5,5,1.59549625412
0.15615,2.99,60,6,8,2.81926589568
0.15615,2.99,61,5,8,5.98269238668
0.15615,2.99,62,10,14,2.96255613805
0.15615,2.99,63,11,18,5.2220094463699995
0.15615,2.99,64,5,6,1.77985756457
0.15615,2.99,65,8,12,3.68268255169
0.15615,2.99,66,5,5,4.57946576902
0.15615,2.99,67,5,6,2.7045515674400002
0.15615,2.99,68,5,5,1.63413266151
0.15615,2.99,69,5,5,3.36599808172
0.15615,2.99,7,5,5,1.42262261616
0.15615,2.99,70,5,7,3.6105815146699993
0.15615,2.99,71,5,6,3.9882540379800004
0.15615,2.99,72,5,10,4.37999541385
0.15615,2.99,73,5,5,2.26719032678
0.15615,2.99,74,5,9,5.8587710059800004
0.15615,2.99,75,5,5,2.88685829915
0.15615,2.99,76,13,34,6.16779116748
0.15615,2.99,77,10,15,4.00367265914
0.15615,2.99,78,5,5,2.2288098636099996
0.15615,2.99,79,5,5,3.0004328828799998
0.15615,2.99,8,5,5,2.0533604413499997
0.15615,2.99,80,5,6,1.14731950872
0.15615,2.99,81,5,5,4.982633237130001
0.15615,2.99,82,5,5,2.08039974227
0.15615,2.99,83,6,11,6.204500674330001
0.15615,2.99,84,6,10,5.68181772833
0.15615,2.99,85,6,7,1.7953415760599998
0.15615,2.99,86,5,7,2.57280820569
0.15615,2.99,87,5,13,4.64106655405
0.15615,2.99,88,7,10,3.2627954780699997
0.15615,2.99,89,5,5,0.7207447528059999
0.15615,2.99,9,5,6,1.7908929613599998
0.15615,2.99,90,6,6,3.5875096921800007
0.15615,2.99,91,5,6,2.9239305839700003
0.15615,2.99,92,5,6,2.51050440439
0.15615,2.99,93,5,6,2.61581618552
0.15615,2.99,94,6,6,1.6194852791999998
0.15615,2.99,95,6,6,1.54978339875
0.15615,2.99,96,5,6,3.41025800824
0.15615,2.99,97,5,5,1.36456136771
0.15615,2.99,98,6,13,6.73108606995
0.15615,2.99,99,5,11,2.09684647052
0.3103,2.0,0,1511,3210,10.7088045524
0.3103,2.0,1,1188,2593,8.93278250597
0.3103,2.0,10,1059,2566,9.924217156280001
0.3103,2.0,11,1269,2961,9.62231678476
0.3103,2.0,12,1295,2868,14.270314943199999
0.3103,2.0,13,1349,3488,12.0595828114
0.3103,2.0,14,1254,3184,11.6985077759
0.3103,2.0,15,1381,3292,10.7976761856
0.3103,2.0,16,1402,3701,11.466843956400002
0.3103,2.0,17,1252,3261,11.5761670003
0.3103,2.0,18,1273,2716,12.9880035381
0.3103,2.0,19,1184,2850,10.9687393169
0.3103,2.0,2,5,6,2.07485637192
0.3103,2.0,20,5,5,0.437343170921
0.3103,2.0,21,1519,3281,13.074643656700001
0.3103,2.0,22,5,5,1.6370242111200002
0.3103,2.0,23,1453,3316,10.6933943428
0.3103,2.0,24,1226,3083,8.9255532942
0.3103,2.0,25,5,5,1.6344102414500001
0.3103,2.0,26,1369,3232,11.4220267007
0.3103,2.0,27,1271,2848,9.98642778375
0.3103,2.0,28,5,5,1.27877160252
0.3103,2.0,29,1451,3624,10.077949894
0.3103,2.0,3,1336,3292,10.5162590285
0.3103,2.0,30,1394,3469,9.28083724539
0.3103,2.0,31,1111,2535,9.82396138702
0.3103,2.0,32,9,10,4.8403090416
0.3103,2.0,33,1105,2629,13.1914008356
0.3103,2.0,34,5,5,0.891850657562
0.3103,2.0,35,1319,3475,12.243472626800001
0.3103,2.0,36,1111,2918,9.88794571125
0.3103,2.0,37,1570,3353,10.0628737484
0.3103,2.0,38,1328,3129,11.9559391996
0.3103,2.0,39,9,12,3.50270469808
0.3103,2.0,4,1351,3546,9.32439917272
0.3103,2.0,40,1442,3325,9.84405969117
0.3103,2.0,41,1582,3775,10.121353337999999
0.3103,2.0,42,1600,3725,9.680736043989999
0.3103,2.0,43,1519,3454,10.1978798207
0.3103,2.0,44,1517,3486,8.15394901488
0.3103,2.0,45,1312,3213,10.9635188615
0.3103,2.0,46,1342,3585,11.477004404
0.3103,2.0,47,1430,3548,13.519510009100001
0.3103,2.0,48,1256,2951,9.866077309380001
0.3103,2.0,49,1292,3104,11.5593766438
0.3103,2.0,5,1233,3184,11.2287526691
0.3103,2.0,50,1169,2976,11.5374243975
0.3103,2.0,51,1248,3168,12.0686687972
0.3103,2.0,52,1350,3193,9.29097238909
0.3103,2.0,53,1406,3442,8.99384069881
0.3103,2.0,54,1480,3599,9.97559134374
0.3103,2.0,55,1107,2857,10.2867815819
0.3103,2.0,56,1367,3100,8.21365646518
0.3103,2.0,57,1265,3052,11.926774371199999
0.3103,2.0,58,1306,3022,10.7179664627
0.3103,2.0,59,1257,2895,11.0041844182
0.3103,2.0,6,1289,2807,10.4644250647
0.3103,2.0,60,1285,3228,9.409680746669999
0.3103,2.0,61,1397,3304,9.117615111880001
0.3103,2.0,62,1481,3601,11.7853603829
0.3103,2.0,63,5,6,1.00392528998
0.3103,2.0,64,1307,3154,10.871849881300001
0.3103,2.0,65,1398,3318,9.45613996297
0.3103,2.0,66,5,6,1.00845155154
0.3103,2.0,67,5,8,0.566501606696
0.3103,2.0,68,1342,3185,11.0313791391
0.3103,2.0,69,1549,3911,11.3308902367
0.3103,2.0,7,1257,3046,9.886426289560001
0.3103,2.0,70,5,6,1.09105990389
0.3103,2.0,71,1230,2758,8.617391604189999
0.3103,2.0,72,1521,3925,10.3447758846
0.3103,2.0,73,1522,3276,10.123339983200001
0.3103,2.0,74,1343,3234,11.1874315547
0.3103,2.0,75,1119,2728,10.477257762
0.3103,2.0,76,1391,3450,9.050586902010002
0.3103,2.0,77,1283,3071,9.404598002919998
0.3103,2.0,78,1187,2817,12.7800363593
0.3103,2.0,79,5,5,1.54225714153
0.3103,2.0,8,5,5,1.55003115834
0.3103,2.0,80,1321,3308,12.241194603
0.3103,2.0,81,1364,3273,9.13656502397
0.3103,2.0,82,1146,2741,11.6244665799
0.3103,2.0,83,1268,2860,12.3424125618
0.3103,2.0,84,1208,2891,14.981985082000001
0.3103,2.0,85,5,6,4.33778976917
0.3103,2.0,86,1327,3121,11.0487768975
0.3103,2.0,87,6,7,2.4294304319699997
0.3103,2.0,88,1335,3239,10.7369580602
0.3103,2.0,89,1511,3977,10.7455296637
0.3103,2.0,9,1158,2633,9.92318632138
0.3103,2.0,90,1407,3920,9.402784666830001
0.3103,2.0,91,1467,3486,9.112803712569999
0.3103,2.0,92,1282,3084,9.78499055533
0.3103,2.0,93,1500,3542,10.2053315567
0.3103,2.0,94,1371,3134,11.8147270348
0.3103,2.0,95,1422,3490,11.344336342
0.3103,2.0,96,1422,3648,10.9895685801
0.3103,2.0,97,1358,3403,10.936475328399998
0.3103,2.0,98,1308,3273,10.5744208225
0.3103,2.0,99,1421,3910,11.041669748599999
0.3103,2.2475,0,5,5,1.5653006084399999
0.3103,2.2475,1,673,2032,9.59335908078
0.3103,2.2475,10,5,5,0.653516888692
0.3103,2.2475,11,585,1917,13.837583394600001
0.3103,2.2475,12,810,2002,10.28764429
0.3103,2.2475,13,731,1936,12.283189618900002
0.3103,2.2475,14,652,2082,10.859263302999999
0.3103,2.2475,15,507,1683,13.948268773699999
0.3103,2.2475,16,5,5,1.71649167902
0.3103,2.2475,17,5,6,0.943578461211
0.3103,2.2475,18,5,5,0.393930618997
0.3103,2.2475,19,5,5,0.932213572571
0.3103,2.2475,2,904,2406,11.4922011054
0.3103,2.2475,20,734,2190,10.9816980565
0.3103,2.2475,21,5,10,3.9852752785
0.3103,2.2475,22,6,9,1.5354314762099999
0.3103,2.2475,23,769,2131,10.851811124000001
0.3103,2.2475,24,8,10,2.29817209538
0.3103,2.2475,25,772,2077,9.85418624158
0.3103,2.2475,26,826,2351,12.0903880779
0.3103,2.2475,27,5,5,0.8748972230869999
0.3103,2.2475,28,5,7,1.19129253671
0.3103,2.2475,29,782,2068,11.1570945423
0.3103,2.2475,3,563,1705,10.1806160772
0.3103,2.2475,30,660,1885,10.9008370342
0.3103,2.2475,31,664,2013,10.2266926564
0.3103,2.2475,32,5,5,1.20611008524
0.3103,2.2475,33,5,8,6.03612434434
0.3103,2.2475,34,614,1890,12.211604868499998
0.3103,2.2475,35,5,5,1.04830706951
0.3103,2.2475,36,5,5,0.8278108075570001
0.3103,2.2475,37,538,1616,11.6016112365
0.3103,2.2475,38,5,7,4.94232422674
0.3103,2.2475,39,774,2247,13.9070556185
0.3103,2.2475,4,590,1643,11.7512915397
0.3103,2.2475,40,714,2144,14.9754462144
0.3103,2.2475,41,696,2087,10.3695832309
0.3103,2.2475,42,659,1783,9.37551054095
0.3103,2.2475,43,699,1918,14.110375895
0.3103,2.2475,44,724,2134,14.4666136017
0.3103,2.2475,45,6,6,3.19766099805
0.3103,2.2475,46,518,1710,10.338697080800001
0.3103,2.2475,47,5,5,0.988126917497
0.3103,2.2475,48,6,6,0.812080728133
0.3103,2.2475,49,597,1813,11.165445738699999
0.3103,2.2475,5,580,1682,11.643395041199998
0.3103,2.2475,50,684,1857,13.0715921448
0.3103,2.2475,51,516,1683,11.950945613800002
0.3103,2.2475,52,5,5,1.08741857494
0.3103,2.2475,53,870,2271,14.863753233599999
0.3103,2.2475,54,5,7,1.31260812052
0.3103,2.2475,55,684,1950,12.2073342623
0.3103,2.2475,56,659,1917,10.643036905299999
0.3103,2.2475,57,692,1979,10.1642309112
0.3103,2.2475,58,664,1926,11.9024827647
0.3103,2.2475,59,746,2043,11.4439373337
0.3103,2.2475,6,5,7,3.3336886597900004
0.3103,2.2475,60,5,6,2.24465953671
0.3103,2.2475,61,6,8,3.8467087325300002
0.3103,2.2475,62,573,1789,15.2226015587
0.3103,2.2475,63,767,2050,15.613692629900001
0.3103,2.2475,64,629,1968,14.6830850551
0.3103,2.2475,65,785,2126,10.5480736842
0.3103,2.2475,66,672,1938,10.1905955777
0.3103,2.2475,67,592,1840,12.109202502899999
0.3103,2.2475,68,811,2318,12.377713418099999
0.3103,2.2475,69,672,1895,10.2982261189
0.3103,2.2475,7,9,11,3.49202419557
0.3103,2.2475,70,6,9,0.91496295479
0.3103,2.2475,71,5,7,4.67216131247
0.3103,2.2475,72,5,5,4.41929369296
0.3103,2.2475,73,618,1870,10.322705787
0.3103,2.2475,74,5,5,1.53687506486
0.3103,2.2475,75,839,2123,10.6367399019
0.3103,2.2475,76,749,1978,13.33416836
0.3103,2.2475,77,631,1809,11.232704444200001
0.3103,2.2475,78,590,1806,12.3895914326
0.3103,2.2475,79,546,1882,10.8370697798
0.3103,2.2475,8,6,6,2.2662876970299997
0.3103,2.2475,80,762,2143,13.080576443599998
0.3103,2.2475,81,5,7,3.8703122231699996
0.3103,2.2475,82,690,1897,13.085990332
0.3103,2.2475,83,536,1751,13.9998785858
0.3103,2.2475,84,5,6,3.48820636366
0.3103,2.2475,85,667,1928,9.790674270910001
0.3103,2.2475,86,5,5,0.7248668452320001
0.3103,2.2475,87,644,1871,9.154315069939999
0.3103,2.2475,88,900,2636,12.1927153482
0.3103,2.2475,89,5,6,1.80221648995
0.3103,2.2475,9,730,1992,11.8678781838
0.3103,2.2475,90,770,2198,9.61399865823
0.3103,2.2475,91,5,5,2.15621015403
0.3103,2.2475,92,7,8,1.3833329886399999
0.3103,2.2475,93,619,1835,12.6304858863
0.3103,2.2475,94,5,5,2.2862675792400005
0.3103,2.2475,95,666,1968,12.8971827688
0.3103,2.2475,96,630,1896,10.8124406583
0.3103,2.2475,97,5,5,1.39879496698
0.3103,2.2475,98,561,1754,11.0912827396
0.3103,2.2475,99,618,2032,13.8701328798
0.3103,2.495,0,5,5,1.7460236762099999
0.3103,2.495,1,5,5,2.19105378002
0.3103,2.495,10,230,922,13.5069622444
0.3103,2.495,11,7,9,2.37218348564
0.3103,2.495,12,5,7,2.00195548336
0.3103,2.495,13,5,7,2.01377605975
0.3103,2.495,14,262,916,10.6574333012
0.3103,2.495,15,7,10,5.27409267925
0.3103,2.495,16,6,7,5.294548037
0.3103,2.495,17,5,5,2.57941853397
0.3103,2.495,18,5,5,2.48254814831
0.3103,2.495,19,342,1070,16.878478070499998
0.3103,2.495,2,245,829,10.8286367816
0.3103,2.495,20,158,674,14.5212766203
0.3103,2.495,21,274,868,12.2247289953
0.3103,2.495,22,7,8,1.59426082012
0.3103,2.495,23,5,6,2.8738212483999996
0.3103,2.495,24,160,584,10.3182989398
0.3103,2.495,25,249,1109,14.8495377847
0.3103,2.495,26,5,6,2.13734458402
0.3103,2.495,27,73,385,12.132721406199998
0.3103,2.495,28,107,506,15.186407131500001
0.3103,2.495,29,5,5,3.5585929621499997
0.3103,2.495,3,5,6,1.3226412267899998
0.3103,2.495,30,216,718,11.8417497002
0.3103,2.495,31,6,7,2.25157891579
0.3103,2.495,32,233,1045,13.1639466797
0.3103,2.495,33,5,5,0.584628136381
0.3103,2.495,34,88,332,10.534217589299999
0.3103,2.495,35,6,9,4.89457507694
0.3103,2.495,36,5,5,1.5332284909099998
0.3103,2.495,37,7,9,4.835932625
0.3103,2.495,38,5,6,0.847662471481
0.3103,2.495,39,5,6,1.8291938706
0.3103,2.495,4,5,5,0.947818487711
0.3103,2.495,40,5,5,1.03842807327
0.3103,2.495,41,222,812,14.491237030999999
0.3103,2.495,42,5,7,1.7484657801599996
0.3103,2.495,43,8,15,4.69610345922
0.3103,2.495,44,5,6,0.970967737775
0.3103,2.495,45,7,10,2.9579719309099994
0.3103,2.495,46,331,1133,12.4317188501
0.3103,2.495,47,5,5,1.13240326821
0.3103,2.495,48,11,17,9.13105010666
0.3103,2.495,49,5,5,1.18876486074
0.3103,2.495,5,7,14,5.09644881126
0.3103,2.495,50,6,6,2.99569978638
0.3103,2.495,51,5,5,1.1439282420999999
0.3103,2.495,52,6,6,1.29838904578
0.3103,2.495,53,334,972,11.621210353199999
0.3103,2.495,54,183,705,13.0530625501
0.3103,2.495,55,213,811,11.591824868
0.3103,2.495,56,13,28,4.660533935319999
0.3103,2.495,57,194,702,10.375234021499999
0.3103,2.495,58,317,1060,11.1222165865
0.3103,2.495,59,5,11,2.69934181954
0.3103,2.495,6,5,5,1.74424712879
0.3103,2.495,60,263,933,11.043593183399999
0.3103,2.495,61,236,796,14.349231098099999
0.3103,2.495,62,201,706,17.4580792055
0.3103,2.495,63,5,6,2.7252695784500003
0.3103,2.495,64,8,8,1.9026213616999998
0.3103,2.495,65,5,9,3.9435390984099996
0.3103,2.495,66,5,5,1.4436314749399999
0.3103,2.495,67,5,5,0.861942752547
0.3103,2.495,68,250,891,11.8809241944
0.3103,2.495,69,266,1002,17.2039141997
0.3103,2.495,7,40,119,6.23933232005
0.3103,2.495,70,32,57,7.413242253969999
0.3103,2.495,71,123,641,13.018023424
0.3103,2.495,72,338,1088,11.6839921427
0.3103,2.495,73,5,12,3.39017316122
0.3103,2.495,74,77,483,15.8497810797
0.3103,2.495,75,5,5,1.51005802264
0.3103,2.495,76,9,10,2.7783472038599997
0.3103,2.495,77,5,5,1.86256409805
0.3103,2.495,78,209,791,14.2381210272
0.3103,2.495,79,263,872,11.1642193168
0.3103,2.495,8,5,7,2.25833597385
0.3103,2.495,80,5,5,3.20927664302
0.3103,2.495,81,14,32,10.0987441756
0.3103,2.495,82,5,10,3.8705831689699997
0.3103,2.495,83,312,1125,12.862302724200001
0.3103,2.495,84,6,8,2.0451648095599997
0.3103,2.495,85,144,866,19.1850787756
0.3103,2.495,86,6,6,1.15642018777
0.3103,2.495,87,5,6,0.375926634623
0.3103,2.495,88,185,811,13.4550994917
0.3103,2.495,89,150,771,17.839404107
0.3103,2.495,9,6,8,1.70730989514
0.3103,2.495,90,5,6,4.48962131221
0.3103,2.495,91,27,64,7.89233316117
0.3103,2.495,92,313,1034,13.8924760781
0.3103,2.495,93,5,5,1.2147142744700001
0.3103,2.495,94,5,5,1.82853240126
0.3103,2.495,95,245,968,11.810596880899999
0.3103,2.495,96,10,14,5.2992571466800005
0.3103,2.495,97,223,958,15.5487621788
0.3103,2.495,98,295,1052,12.9452805194
0.3103,2.495,99,6,8,2.27141698936
0.3103,2.7425,0,5,5,2.15323564186
0.3103,2.7425,1,5,5,0.958696442853
0.3103,2.7425,10,144,610,15.4208471919
0.3103,2.7425,11,5,5,1.82269239243
0.3103,2.7425,12,5,5,0.561452017754
0.3103,2.7425,13,6,10,5.460995541880001
0.3103,2.7425,14,5,6,2.3824811696
0.3103,2.7425,15,8,9,2.17886407078
0.3103,2.7425,16,19,29,3.44016357558
0.3103,2.7425,17,5,5,3.84812004008
0.3103,2.7425,18,6,9,1.3593624581200001
0.3103,2.7425,19,25,45,6.65522505182
0.3103,2.7425,2,5,7,1.68121539555
0.3103,2.7425,20,5,5,0.642495206577
0.3103,2.7425,21,6,9,3.66015533136
0.3103,2.7425,22,6,6,0.7681768058230001
0.3103,2.7425,23,21,37,3.69436494268
0.3103,2.7425,24,5,5,1.02909456906
0.3103,2.7425,25,6,8,2.50044243895
0.3103,2.7425,26,14,27,4.77164337701
0.3103,2.7425,27,5,7,4.854975019509999
0.3103,2.7425,28,37,87,5.35120135446
0.3103,2.7425,29,43,145,10.1890989322
0.3103,2.7425,3,9,19,6.58996583891
0.3103,2.7425,30,12,14,4.60809166819
0.3103,2.7425,31,6,8,4.08003103133
0.3103,2.7425,32,5,7,1.97972362021
0.3103,2.7425,33,7,8,1.3406544016700002
0.3103,2.7425,34,9,9,2.7014030269700005
0.3103,2.7425,35,5,5,2.8791664321
0.3103,2.7425,36,7,13,7.270924722489999
0.3103,2.7425,37,5,5,0.9090103411689999
0.3103,2.7425,38,8,20,4.062083019119999
0.3103,2.7425,39,68,235,8.57636837462
0.3103,2.7425,4,62,229,15.0650453221
0.3103,2.7425,40,7,12,2.1722827741799997
0.3103,2.7425,41,10,40,11.8146880157
0.3103,2.7425,42,10,22,4.533557517009999
0.3103,2.7425,43,15,24,4.93714020737
0.3103,2.7425,44,5,7,3.8742696514199997
0.3103,2.7425,45,5,5,1.3714017091600001
0.3103,2.7425,46,50,177,8.64055893377
0.3103,2.7425,47,15,26,4.8295153938199995
0.3103,2.7425,48,5,7,2.1950099911099996
0.3103,2.7425,49,6,11,4.9941847278800005
0.3103,2.7425,5,44,204,11.6654079498
0.3103,2.7425,50,7,19,3.2595505784400003
0.3103,2.7425,51,22,66,7.670757128039999
0.3103,2.7425,52,6,9,3.39722147493
0.3103,2.7425,53,5,10,3.5717681390300005
0.3103,2.7425,54,5,8,2.0547540358400003
0.3103,2.7425,55,5,5,0.799340844387
0.3103,2.7425,56,5,10,2.7459748865099995
0.3103,2.7425,57,11,23,4.18676714155
0.3103,2.7425,58,17,54,9.13164779221
0.3103,2.7425,59,6,6,1.6385807323100001
0.3103,2.7425,6,5,5,2.4259268669400003
0.3103,2.7425,60,6,10,4.54734647233
0.3103,2.7425,61,10,13,3.89729999944
0.3103,2.7425,62,5,10,1.10914493487
0.3103,2.7425,63,6,14,3.6248681886300003
0.3103,2.7425,64,8,11,3.3429049162299997
0.3103,2.7425,65,13,20,3.53849975148
0.3103,2.7425,66,7,8,1.74725374426
0.3103,2.7425,67,11,33,7.8503695025399995
0.3103,2.7425,68,13,23,4.8086394084699995
0.3103,2.7425,69,5,5,1.10334361311
0.3103,2.7425,7,6,10,3.3453517532099997
0.3103,2.7425,70,5,6,0.967313261692
0.3103,2.7425,71,37,97,6.48866253724
0.3103,2.7425,72,5,6,1.82920335168
0.3103,2.7425,73,15,45,5.41663640031
0.3103,2.7425,74,5,5,1.1858412414700001
0.3103,2.7425,75,6,9,2.64935320979
0.3103,2.7425,76,16,36,3.9234263473400004
0.3103,2.7425,77,5,5,1.7372698068999999
0.3103,2.7425,78,9,11,3.11841576697
0.3103,2.7425,79,6,10,4.298666990269999
0.3103,2.7425,8,6,8,3.55954428177
0.3103,2.7425,80,5,12,4.57357557807
0.3103,2.7425,81,39,99,8.222195471810002
0.3103,2.7425,82,37,214,14.7284140149
0.3103,2.7425,83,144,493,13.7311448576
0.3103,2.7425,84,16,51,6.8775819549
0.3103,2.7425,85,6,6,1.50961463659
0.3103,2.7425,86,7,14,2.02459953029
0.3103,2.7425,87,5,5,0.9596761531100001
0.3103,2.7425,88,5,9,2.7543388661400003
0.3103,2.7425,89,5,5,1.34869542467
0.3103,2.7425,9,18,38,7.575639378010001
0.3103,2.7425,90,25,80,13.1315153579
0.3103,2.7425,91,9,13,2.8309263399299995
0.3103,2.7425,92,7,14,4.28126116648
0.3103,2.7425,93,8,11,4.37723257591
0.3103,2.7425,94,7,14,3.8752953327699995
0.3103,2.7425,95,5,7,2.39924022485
0.3103,2.7425,96,5,5,1.10953935216
0.3103,2.7425,97,7,17,5.01062709131
0.3103,2.7425,98,5,8,2.00375810224
0.3103,2.7425,99,6,6,2.0660890543
0.3103,2.99,0,7,7,1.54894016387
0.3103,2.99,1,5,5,5.9820156861000005
0.3103,2.99,10,5,5,1.16554319264
0.3103,2.99,11,6,9,4.74841007632
0.3103,2.99,12,6,15,4.78069667367
0.3103,2.99,13,6,8,2.78403757215
0.3103,2.99,14,7,11,4.063179352330001
0.3103,2.99,15,5,15,5.90898750872
0.3103,2.99,16,5,5,1.14914258991
0.3103,2.99,17,24,66,11.3894365104
0.3103,2.99,18,14,35,4.425027226569999
0.3103,2.99,19,6,18,3.9661709930300004
0.3103,2.99,2,17,34,6.097877872640001
0.3103,2.99,20,5,6,2.0438249443900003
0.3103,2.99,21,5,8,3.6965570341400005
0.3103,2.99,22,6,6,1.35964073956
0.3103,2.99,23,5,6,1.85357927185
0.3103,2.99,24,5,9,2.4770534220400005
0.3103,2.99,25,5,5,0.9962449058589999
0.3103,2.99,26,5,5,0.558064807314
0.3103,2.99,27,6,7,1.07398852612
0.3103,2.99,28,5,5,0.8958298308329999
0.3103,2.99,29,14,20,4.7000245196499995
0.3103,2.99,3,7,8,2.0406282481
0.3103,2.99,30,5,5,0.922814295346
0.3103,2.99,31,5,9,4.53490382627
0.3103,2.99,32,6,10,3.6440816188699996
0.3103,2.99,33,5,6,3.1980085763
0.3103,2.99,34,5,5,1.80610211222
0.3103,2.99,35,15,20,4.25927202133
0.3103,2.99,36,9,13,3.80991685161
0.3103,2.99,37,15,40,6.811854798350001
0.3103,2.99,38,6,7,1.7045798587099998
0.3103,2.99,39,5,5,0.205380459446
0.3103,2.99,4,5,5,0.9503676244179999
0.3103,2.99,40,11,18,5.422865541819999
0.3103,2.99,41,5,8,3.83510741698
0.3103,2.99,42,5,7,4.008649988769999
0.3103,2.99,43,9,14,3.0445318391100002
0.3103,2.99,44,5,5,1.54861703216
0.3103,2.99,45,5,5,1.78954980977
0.3103,2.99,46,14,30,5.70825833695
0.3103,2.99,47,16,42,7.840654948510001
0.3103,2.99,48,5,7,2.8326436234900005
0.3103,2.99,49,6,12,6.62160184968
0.3103,2.99,5,7,7,0.9623760726200001
0.3103,2.99,50,6,15,5.871256529480001
0.3103,2.99,51,9,25,5.90482589372
0.3103,2.99,52,5,7,2.74799617465
0.3103,2.99,53,17,78,11.427196823800001
0.3103,2.99,54,6,9,4.32041430375
0.3103,2.99,55,6,7,4.19839665607
0.3103,2.99,56,15,33,7.5394159036
0.3103,2.99,57,5,5,4.06660896936
0.3103,2.99,58,7,7,1.31644011309
0.3103,2.99,59,6,8,2.19363255763
0.3103,2.99,6,5,6,3.99607428705
0.3103,2.99,60,5,7,1.58787044439
0.3103,2.99,61,8,15,2.8833854974299995
0.3103,2.99,62,15,32,8.99121675255
0.3103,2.99,63,6,9,3.2764206828400004
0.3103,2.99,64,8,11,3.35294121395
0.3103,2.99,65,5,7,1.2752387088200001
0.3103,2.99,66,7,8,1.8561336629700003
0.3103,2.99,67,6,9,6.54469820944
0.3103,2.99,68,5,5,3.62859538334
0.3103,2.99,69,27,95,9.0738127635
0.3103,2.99,7,6,16,3.90166044535
0.3103,2.99,70,5,5,1.08438378777
0.3103,2.99,71,6,6,0.580897649919
0.3103,2.99,72,5,5,1.05764303538
0.3103,2.99,73,5,8,5.12722752481
0.3103,2.99,74,21,36,7.8862797477
0.3103,2.99,75,6,6,4.050887546819999
0.3103,2.99,76,15,34,4.4821602084
0.3103,2.99,77,5,5,1.94014192723
0.3103,2.99,78,5,6,1.12364138171
0.3103,2.99,79,6,9,5.01446065064
0.3103,2.99,8,7,15,3.21195286765
0.3103,2.99,80,7,12,5.69811563633
0.3103,2.99,81,5,5,1.21980172833
0.3103,2.99,82,5,7,2.47001330574
0.3103,2.99,83,7,9,2.2224941126099997
0.3103,2.99,84,6,8,3.99393188047
0.3103,2.99,85,6,6,5.1634611729
0.3103,2.99,86,7,16,2.91841851244
0.3103,2.99,87,5,7,3.8538145358199998
0.3103,2.99,88,6,16,7.4901692848899994
0.3103,2.99,89,10,14,4.37626675985
0.3103,2.99,9,5,5,1.39143147699
0.3103,2.99,90,5,7,2.21204860044
0.3103,2.99,91,5,6,2.58353095035
0.3103,2.99,92,13,30,7.08444669343
0.3103,2.99,93,11,26,6.8065591638
0.3103,2.99,94,5,5,1.25910716409
0.3103,2.99,95,7,13,4.97558763901
0.3103,2.99,96,5,9,2.03446191895
0.3103,2.99,97,5,6,1.8106536231900001
0.3103,2.99,98,5,8,4.11935167352
0.3103,2.99,99,6,12,3.5610490710400002
0.46445000000000003,2.0,0,1730,3736,11.2622556424
0.46445000000000003,2.0,1,5,5,2.6006840967900002
0.46445000000000003,2.0,10,1636,3755,9.173665485239999
0.46445000000000003,2.0,11,1597,3746,12.9274182673
0.46445000000000003,2.0,12,5,5,1.48348947336
0.46445000000000003,2.0,13,1833,3805,11.8327591376
0.46445000000000003,2.0,14,1751,4108,12.1044566426
0.46445000000000003,2.0,15,1785,3926,11.039831512000001
0.46445000000000003,2.0,16,1888,4458,9.32049405315
0.46445000000000003,2.0,17,1690,3812,9.11980186247
0.46445000000000003,2.0,18,2346,5878,11.117676917799999
0.46445000000000003,2.0,19,1794,4263,11.426826907899999
0.46445000000000003,2.0,2,1853,4067,9.94646763401
0.46445000000000003,2.0,20,1878,4302,10.2039801502
0.46445000000000003,2.0,21,1735,3862,8.941996091930001
0.46445000000000003,2.0,22,1950,4392,9.83429202907
0.46445000000000003,2.0,23,2148,4487,10.4141636512
0.46445000000000003,2.0,24,1797,3720,12.3162927948
0.46445000000000003,2.0,25,2061,4701,8.65030859259
0.46445000000000003,2.0,26,1985,4183,9.14339645045
0.46445000000000003,2.0,27,2096,5082,13.8392834971
0.46445000000000003,2.0,28,1817,4074,8.86280160271
0.46445000000000003,2.0,29,1553,3699,17.0338161652
0.46445000000000003,2.0,3,2003,4379,11.861457180699999
0.46445000000000003,2.0,30,1869,4201,10.7294944007
0.46445000000000003,2.0,31,2009,4400,10.3667051088
0.46445000000000003,2.0,32,1411,3309,10.128639100000001
0.46445000000000003,2.0,33,2081,4773,10.6485280162
0.46445000000000003,2.0,34,1785,3645,8.87847869164
0.46445000000000003,2.0,35,2056,4019,10.384969014700001
0.46445000000000003,2.0,36,5,6,2.41657813555
0.46445000000000003,2.0,37,1849,4382,8.85449271369
0.46445000000000003,2.0,38,1546,3586,10.6464348042
0.46445000000000003,2.0,39,1768,4128,10.9433124452
0.46445000000000003,2.0,4,1706,3800,11.8887635918
0.46445000000000003,2.0,40,1942,4781,11.028298398699999
0.46445000000000003,2.0,41,1830,3589,9.614485498150001
0.46445000000000003,2.0,42,1710,4060,11.4973117329
0.46445000000000003,2.0,43,1761,3883,10.898237769400001
0.46445000000000003,2.0,44,1851,4365,9.48254471234
0.46445000000000003,2.0,45,1486,3444,8.91858772822
0.46445000000000003,2.0,46,1843,4749,10.3231913042
0.46445000000000003,2.0,47,1639,3962,9.16186313215
0.46445000000000003,2.0,48,1938,4385,10.9687162726
0.46445000000000003,2.0,49,1575,3760,10.5964866301
0.46445000000000003,2.0,5,1877,4327,11.297938993699999
0.46445000000000003,2.0,50,1810,3723,8.98943511768
0.46445000000000003,2.0,51,1702,3554,9.6700599435
0.46445000000000003,2.0,52,1718,3965,8.7161876218
0.46445000000000003,2.0,53,1689,4117,10.850448965
0.46445000000000003,2.0,54,2108,4664,12.565649710799999
0.46445000000000003,2.0,55,2037,4903,13.595298483699999
0.46445000000000003,2.0,56,1968,4609,11.2583953696
0.46445000000000003,2.0,57,1580,3532,10.5506134729
0.46445000000000003,2.0,58,5,7,4.40790925246
0.46445000000000003,2.0,59,1732,3968,9.620277779810001
0.46445000000000003,2.0,6,2052,4398,9.15656287297
0.46445000000000003,2.0,60,1850,4407,11.198608685999998
0.46445000000000003,2.0,61,1954,4534,11.392377038800001
0.46445000000000003,2.0,62,1904,4784,12.1277935731
0.46445000000000003,2.0,63,1534,3257,14.2531094124
0.46445000000000003,2.0,64,1675,3905,10.420096546
0.46445000000000003,2.0,65,1805,3963,10.742626205799999
0.46445000000000003,2.0,66,2033,4494,12.1579919392
0.46445000000000003,2.0,67,1927,4428,14.1994792214
0.46445000000000003,2.0,68,5,5,0.7963307739769999
0.46445000000000003,2.0,69,1758,4104,9.17566860484
0.46445000000000003,2.0,7,1788,3966,8.47301860105
0.46445000000000003,2.0,70,1925,4270,9.81967889912
0.46445000000000003,2.0,71,1857,4205,11.3405333058
0.46445000000000003,2.0,72,5,6,1.46918296215
0.46445000000000003,2.0,73,1673,3565,11.3531492369
0.46445000000000003,2.0,74,1824,4073,10.8018605004
0.46445000000000003,2.0,75,1800,4350,13.7541212227
0.46445000000000003,2.0,76,1877,4439,11.959938949000001
0.46445000000000003,2.0,77,1806,4158,11.6162818624
0.46445000000000003,2.0,78,2035,4686,8.734595128010001
0.46445000000000003,2.0,79,5,6,1.26248797362
0.46445000000000003,2.0,8,1840,3893,9.598678207919999
0.46445000000000003,2.0,80,1688,4148,11.5100030929
0.46445000000000003,2.0,81,1477,3256,11.0342602108
0.46445000000000003,2.0,82,1918,4126,9.46226657305
0.46445000000000003,2.0,83,1773,3864,9.480598622030001
0.46445000000000003,2.0,84,1579,3826,11.662357316600001
0.46445000000000003,2.0,85,1912,4665,9.783588180419999
0.46445000000000003,2.0,86,1609,3650,11.067498647899999
0.46445000000000003,2.0,87,1711,3916,10.0859015299
0.46445000000000003,2.0,88,1870,4083,10.3363394802
0.46445000000000003,2.0,89,1892,4613,11.3922460178
0.46445000000000003,2.0,9,1410,3423,12.655134824800001
0.46445000000000003,2.0,90,1772,3845,8.38077547846
0.46445000000000003,2.0,91,1875,3855,11.1032356872
0.46445000000000003,2.0,92,1843,4267,10.0276620863
0.46445000000000003,2.0,93,1948,4236,9.39200028006
0.46445000000000003,2.0,94,1882,4221,8.97246502224
0.46445000000000003,2.0,95,1805,4046,11.894654133
0.46445000000000003,2.0,96,1681,3930,12.9694977054
0.46445000000000003,2.0,97,1563,3367,10.3239559698
0.46445000000000003,2.0,98,1747,3862,9.82679754135
0.46445000000000003,2.0,99,1904,4452,10.761598501
0.46445000000000003,2.2475,0,1038,2740,11.455223894000001
0.46445000000000003,2.2475,1,948,2543,10.584043015299999
0.46445000000000003,2.2475,10,1130,2790,11.3554597548
0.46445000000000003,2.2475,11,789,2298,13.336496516099999
0.46445000000000003,2.2475,12,5,6,2.46484113155
0.46445000000000003,2.2475,13,5,5,1.2655322543
0.46445000000000003,2.2475,14,993,2568,12.7182978425
0.46445000000000003,2.2475,15,5,7,0.809714880273
0.46445000000000003,2.2475,16,966,2787,10.382873331799999
0.46445000000000003,2.2475,17,1016,2550,9.8737986024
0.46445000000000003,2.2475,18,1054,2662,11.2467398469
0.46445000000000003,2.2475,19,1168,3131,12.1146267086
0.46445000000000003,2.2475,2,1128,3181,12.8369492027
0.46445000000000003,2.2475,20,925,2330,10.0325358938
0.46445000000000003,2.2475,21,1020,2510,11.472500851500001
0.46445000000000003,2.2475,22,1172,3000,10.4173555439
0.46445000000000003,2.2475,23,985,2525,13.3344716897
0.46445000000000003,2.2475,24,897,2551,9.92013430131
0.46445000000000003,2.2475,25,1084,2727,11.007546957
0.46445000000000003,2.2475,26,954,2686,11.903039953199999
0.46445000000000003,2.2475,27,1273,3110,12.354019013399999
0.46445000000000003,2.2475,28,1109,2784,12.3980319703
0.46445000000000003,2.2475,29,852,2440,12.410668768399999
0.46445000000000003,2.2475,3,5,5,0.8698872966399999
0.46445000000000003,2.2475,30,1006,2652,11.313392721300001
0.46445000000000003,2.2475,31,988,2622,13.8271849394
0.46445000000000003,2.2475,32,1137,2785,10.0420177465
0.46445000000000003,2.2475,33,976,2568,13.5357196555
0.46445000000000003,2.2475,34,6,7,1.1464293446
0.46445000000000003,2.2475,35,1089,2881,11.5348139506
0.46445000000000003,2.2475,36,1052,2711,10.686804263400001
0.46445000000000003,2.2475,37,5,6,1.5901575209
0.46445000000000003,2.2475,38,1017,2689,11.951414218599998
0.46445000000000003,2.2475,39,5,6,1.14125231395
0.46445000000000003,2.2475,4,967,2538,9.79533828904
0.46445000000000003,2.2475,40,1034,2745,12.5170200086
0.46445000000000003,2.2475,41,866,2621,12.5619883656
0.46445000000000003,2.2475,42,964,2606,10.2616971757
0.46445000000000003,2.2475,43,1030,2484,10.1610196966
0.46445000000000003,2.2475,44,1131,3069,12.1822032727
0.46445000000000003,2.2475,45,906,2504,11.2738761643
0.46445000000000003,2.2475,46,732,2150,11.5922761001
0.46445000000000003,2.2475,47,5,6,1.78714781435
0.46445000000000003,2.2475,48,822,2192,10.1176835436
0.46445000000000003,2.2475,49,1155,3006,12.929953458599998
0.46445000000000003,2.2475,5,1050,2792,10.6166468841
0.46445000000000003,2.2475,50,964,2958,10.5156861636
0.46445000000000003,2.2475,51,838,2294,9.258151274489999
0.46445000000000003,2.2475,52,1129,2885,11.1017793523
0.46445000000000003,2.2475,53,906,2582,11.155681106300001
0.46445000000000003,2.2475,54,1199,2848,13.675269941199998
0.46445000000000003,2.2475,55,885,2646,12.3371658977
0.46445000000000003,2.2475,56,1010,2703,11.031931164200001
0.46445000000000003,2.2475,57,879,2545,10.5380869636
0.46445000000000003,2.2475,58,854,2302,9.55458176219
0.46445000000000003,2.2475,59,6,7,1.9385608726900003
0.46445000000000003,2.2475,6,900,2424,10.9100565696
0.46445000000000003,2.2475,60,929,2484,10.353384653500001
0.46445000000000003,2.2475,61,1034,2676,11.2902425774
0.46445000000000003,2.2475,62,5,5,2.3849995885900004
0.46445000000000003,2.2475,63,5,7,2.86768648293
0.46445000000000003,2.2475,64,1141,2836,10.6571585315
0.46445000000000003,2.2475,65,998,2695,9.24311568273
0.46445000000000003,2.2475,66,1010,2701,11.416289658599998
0.46445000000000003,2.2475,67,811,2417,12.4575775083
0.46445000000000003,2.2475,68,5,5,3.19499785362
0.46445000000000003,2.2475,69,1097,3028,9.979873319089998
0.46445000000000003,2.2475,7,1107,2941,10.6337654624
0.46445000000000003,2.2475,70,944,2399,9.09155907331
0.46445000000000003,2.2475,71,1057,2760,9.343160376
0.46445000000000003,2.2475,72,5,6,0.6303684714710001
0.46445000000000003,2.2475,73,6,7,4.2378332254
0.46445000000000003,2.2475,74,5,5,1.5964209111
0.46445000000000003,2.2475,75,1120,2727,13.0244263762
0.46445000000000003,2.2475,76,1112,2807,9.91277523022
0.46445000000000003,2.2475,77,5,6,1.62969993425
0.46445000000000003,2.2475,78,916,2394,12.5438112191
0.46445000000000003,2.2475,79,833,2315,10.4747391612
0.46445000000000003,2.2475,8,975,2721,9.74619414119
0.46445000000000003,2.2475,80,976,2620,11.737368804900001
0.46445000000000003,2.2475,81,1152,3019,11.3429323107
0.46445000000000003,2.2475,82,1113,2897,11.9245941488
0.46445000000000003,2.2475,83,1131,2936,11.5371959379
0.46445000000000003,2.2475,84,1164,3011,11.5783556578
0.46445000000000003,2.2475,85,5,5,0.994512585784
0.46445000000000003,2.2475,86,974,2450,9.86305783058
0.46445000000000003,2.2475,87,5,5,1.2487737801899998
0.46445000000000003,2.2475,88,1026,2632,9.11582406704
0.46445000000000003,2.2475,89,782,2164,10.4325421042
0.46445000000000003,2.2475,9,1104,2720,10.1367555866
0.46445000000000003,2.2475,90,839,2281,9.515611064689999
0.46445000000000003,2.2475,91,883,2364,11.944968192200001
0.46445000000000003,2.2475,92,1120,2878,13.625308775599999
0.46445000000000003,2.2475,93,5,6,2.10111277757
0.46445000000000003,2.2475,94,1084,2498,9.16276641385
0.46445000000000003,2.2475,95,920,2659,10.7187159294
0.46445000000000003,2.2475,96,5,7,3.5471508025699996
0.46445000000000003,2.2475,97,807,2343,12.4794041255
0.46445000000000003,2.2475,98,1154,3177,11.5621769332
0.46445000000000003,2.2475,99,1253,3114,13.6171946472
0.46445000000000003,2.495,0,431,1378,10.563766141799999
0.46445000000000003,2.495,1,350,1048,8.8443578763
0.46445000000000003,2.495,10,7,10,3.0629158992299996
0.46445000000000003,2.495,11,9,13,3.50648676242
0.46445000000000003,2.495,12,5,6,4.951429356449999
0.46445000000000003,2.495,13,279,991,10.8981348543
0.46445000000000003,2.495,14,5,6,1.93911241229
0.46445000000000003,2.495,15,8,16,3.5915288124300004
0.46445000000000003,2.495,16,441,1393,11.8315085868
0.46445000000000003,2.495,17,5,7,2.41485964584
0.46445000000000003,2.495,18,248,996,14.7250902771
0.46445000000000003,2.495,19,361,1211,16.9352488899
0.46445000000000003,2.495,2,6,10,2.5442311038599996
0.46445000000000003,2.495,20,5,5,0.7889408010340001
0.46445000000000003,2.495,21,13,19,2.52206330176
0.46445000000000003,2.495,22,353,1234,15.934226699100002
0.46445000000000003,2.495,23,7,17,3.89993464046
0.46445000000000003,2.495,24,410,1329,13.201666093599998
0.46445000000000003,2.495,25,523,1599,10.4041135464
0.46445000000000003,2.495,26,452,1436,13.7643238948
0.46445000000000003,2.495,27,6,7,2.22926398785
0.46445000000000003,2.495,28,601,1845,11.4572704668
0.46445000000000003,2.495,29,325,1197,12.018161763599998
0.46445000000000003,2.495,3,10,25,3.3780154917400003
0.46445000000000003,2.495,30,561,1838,15.0783398155
0.46445000000000003,2.495,31,268,939,12.6100209345
0.46445000000000003,2.495,32,342,1203,13.1635768767
0.46445000000000003,2.495,33,403,1319,11.283132325599999
0.46445000000000003,2.495,34,15,23,2.89824914734
0.46445000000000003,2.495,35,391,1249,10.9920122627
0.46445000000000003,2.495,36,5,5,3.74993153095
0.46445000000000003,2.495,37,376,1340,15.1388085586
0.46445000000000003,2.495,38,6,8,1.3356083407500001
0.46445000000000003,2.495,39,288,1138,16.6690910033
0.46445000000000003,2.495,4,381,1307,14.3443949458
0.46445000000000003,2.495,40,5,9,1.6600342875299998
0.46445000000000003,2.495,41,413,1246,14.407108461400002
0.46445000000000003,2.495,42,287,989,18.4922356163
0.46445000000000003,2.495,43,6,9,1.75525388243
0.46445000000000003,2.495,44,431,1357,12.5062373347
0.46445000000000003,2.495,45,292,1229,16.1763385356
0.46445000000000003,2.495,46,404,1381,14.424300734800001
0.46445000000000003,2.495,47,308,1202,13.2526121244
0.46445000000000003,2.495,48,282,1148,13.3362182903
0.46445000000000003,2.495,49,547,1726,11.4737225247
0.46445000000000003,2.495,5,489,1651,13.4660439416
0.46445000000000003,2.495,50,6,12,1.86998707225
0.46445000000000003,2.495,51,356,1062,9.8117509311
0.46445000000000003,2.495,52,574,1626,10.1441160446
0.46445000000000003,2.495,53,10,14,2.51813171169
0.46445000000000003,2.495,54,325,1332,16.475889617300002
0.46445000000000003,2.495,55,263,1037,11.820347641300001
0.46445000000000003,2.495,56,5,5,0.9529234570849999
0.46445000000000003,2.495,57,5,5,0.6070144517230001
0.46445000000000003,2.495,58,324,1395,13.2310635035
0.46445000000000003,2.495,59,274,1022,15.8834761658
0.46445000000000003,2.495,6,5,6,0.887571246424
0.46445000000000003,2.495,60,473,1600,11.4358945428
0.46445000000000003,2.495,61,9,29,6.74660783533
0.46445000000000003,2.495,62,314,1223,12.662317159
0.46445000000000003,2.495,63,512,1474,9.50892906492
0.46445000000000003,2.495,64,373,1338,15.123994298800001
0.46445000000000003,2.495,65,524,1622,16.346236405
0.46445000000000003,2.495,66,409,1355,11.435815763399999
0.46445000000000003,2.495,67,5,5,2.14160169421
0.46445000000000003,2.495,68,18,42,10.3767357399
0.46445000000000003,2.495,69,381,1341,13.5471909927
0.46445000000000003,2.495,7,7,18,8.26668456022
0.46445000000000003,2.495,70,9,18,2.1045798047599997
0.46445000000000003,2.495,71,299,985,14.5207396735
0.46445000000000003,2.495,72,237,1129,15.5508872905
0.46445000000000003,2.495,73,5,7,2.05946500638
0.46445000000000003,2.495,74,6,7,3.0132828390099995
0.46445000000000003,2.495,75,359,1401,16.7507637706
0.46445000000000003,2.495,76,442,1365,11.6223205843
0.46445000000000003,2.495,77,6,9,2.29207829845
0.46445000000000003,2.495,78,12,28,6.86019391594
0.46445000000000003,2.495,79,594,1769,10.7421132002
0.46445000000000003,2.495,8,357,1216,12.047925886199998
0.46445000000000003,2.495,80,400,1412,13.538461044000002
0.46445000000000003,2.495,81,311,1155,14.6777031155
0.46445000000000003,2.495,82,6,8,4.199407535480001
0.46445000000000003,2.495,83,377,1317,9.8582282778
0.46445000000000003,2.495,84,8,13,3.6965471276999997
0.46445000000000003,2.495,85,6,8,4.27221378254
0.46445000000000003,2.495,86,9,20,3.10060177791
0.46445000000000003,2.495,87,6,8,1.58920999715
0.46445000000000003,2.495,88,364,1216,14.7188653816
0.46445000000000003,2.495,89,341,1158,11.3235044593
0.46445000000000003,2.495,9,453,1400,9.95860914464
0.46445000000000003,2.495,90,477,1285,14.5809434402
0.46445000000000003,2.495,91,5,7,0.568889719264
0.46445000000000003,2.495,92,340,1225,13.479467268199999
0.46445000000000003,2.495,93,5,10,2.9277166268
0.46445000000000003,2.495,94,353,1162,14.0493486602
0.46445000000000003,2.495,95,373,1249,13.2412588448
0.46445000000000003,2.495,96,6,8,1.78768307503
0.46445000000000003,2.495,97,7,9,5.88912424581
0.46445000000000003,2.495,98,221,1001,11.079910036300001
0.46445000000000003,2.495,99,397,1233,10.7504553888
0.46445000000000003,2.7425,0,68,286,12.9693151754
0.46445000000000003,2.7425,1,62,118,4.86922453963
0.46445000000000003,2.7425,10,8,23,4.9771069062099995
0.46445000000000003,2.7425,11,5,8,2.78793972138
0.46445000000000003,2.7425,12,27,109,10.5968394683
0.46445000000000003,2.7425,13,11,25,3.1338946136000003
0.46445000000000003,2.7425,14,6,21,7.04971996739
0.46445000000000003,2.7425,15,6,8,1.9711284504799997
0.46445000000000003,2.7425,16,259,801,10.3084032154
0.46445000000000003,2.7425,17,169,569,13.494166816600002
0.46445000000000003,2.7425,18,5,5,0.121204173452
0.46445000000000003,2.7425,19,5,6,4.0793544522500005
0.46445000000000003,2.7425,2,7,14,5.179866440500001
0.46445000000000003,2.7425,20,5,7,2.8130958171700002
0.46445000000000003,2.7425,21,10,13,6.54830345946
0.46445000000000003,2.7425,22,10,14,3.69129796871
0.46445000000000003,2.7425,23,99,439,12.5973415119
0.46445000000000003,2.7425,24,5,5,1.6919897061200002
0.46445000000000003,2.7425,25,5,5,0.9253718148010001
0.46445000000000003,2.7425,26,7,7,1.08859344116
0.46445000000000003,2.7425,27,100,539,22.723039962199998
0.46445000000000003,2.7425,28,161,542,11.93807681
0.46445000000000003,2.7425,29,22,99,12.2987678961
0.46445000000000003,2.7425,3,118,360,8.64738994589
0.46445000000000003,2.7425,30,5,8,2.9442305468299996
0.46445000000000003,2.7425,31,5,8,3.4676913253300006
0.46445000000000003,2.7425,32,16,41,7.33971624735
0.46445000000000003,2.7425,33,30,71,6.73560626765
0.46445000000000003,2.7425,34,9,16,5.43036596163
0.46445000000000003,2.7425,35,41,90,6.60164595391
0.46445000000000003,2.7425,36,20,46,9.442516339510002
0.46445000000000003,2.7425,37,5,8,3.6618529791900003
0.46445000000000003,2.7425,38,9,15,1.6449011097
0.46445000000000003,2.7425,39,15,30,7.51641645287
0.46445000000000003,2.7425,4,28,64,4.890944601869999
0.46445000000000003,2.7425,40,5,8,2.1210352723400003
0.46445000000000003,2.7425,41,9,16,6.1474782157700005
0.46445000000000003,2.7425,42,99,393,12.7321029946
0.46445000000000003,2.7425,43,5,5,1.8723779615599998
0.46445000000000003,2.7425,44,28,53,4.95618778397
0.46445000000000003,2.7425,45,11,16,3.9692787550300004
0.46445000000000003,2.7425,46,5,6,1.00052000689
0.46445000000000003,2.7425,47,6,9,2.25908616824
0.46445000000000003,2.7425,48,87,454,12.920242628699999
0.46445000000000003,2.7425,49,32,105,10.3968489005
0.46445000000000003,2.7425,5,36,128,9.1678581847
0.46445000000000003,2.7425,50,5,5,1.1694467483
0.46445000000000003,2.7425,51,100,383,11.3469978529
0.46445000000000003,2.7425,52,6,6,2.07511132295
0.46445000000000003,2.7425,53,5,5,1.94299169372
0.46445000000000003,2.7425,54,7,11,2.7516001655
0.46445000000000003,2.7425,55,6,11,3.6396179279100003
0.46445000000000003,2.7425,56,66,214,11.6627976505
0.46445000000000003,2.7425,57,6,9,1.29096530599
0.46445000000000003,2.7425,58,11,18,4.437555794700001
0.46445000000000003,2.7425,59,8,10,1.24765015711
0.46445000000000003,2.7425,6,5,5,0.906075031019
0.46445000000000003,2.7425,60,9,11,2.81137923412
0.46445000000000003,2.7425,61,114,403,13.3901040776
0.46445000000000003,2.7425,62,34,146,10.371466168200001
0.46445000000000003,2.7425,63,15,17,3.17688886602
0.46445000000000003,2.7425,64,8,20,3.8930863269800002
0.46445000000000003,2.7425,65,5,5,0.9515124762839999
0.46445000000000003,2.7425,66,5,6,3.4885850948800003
0.46445000000000003,2.7425,67,6,7,2.59071954214
0.46445000000000003,2.7425,68,5,5,0.841934548706
0.46445000000000003,2.7425,69,13,29,5.49210782199
0.46445000000000003,2.7425,7,23,52,6.996336557739999
0.46445000000000003,2.7425,70,51,257,13.7962054018
0.46445000000000003,2.7425,71,97,527,16.5297495472
0.46445000000000003,2.7425,72,5,8,2.82947815968
0.46445000000000003,2.7425,73,7,13,3.08443723888
0.46445000000000003,2.7425,74,37,146,8.206896249289999
0.46445000000000003,2.7425,75,71,338,18.2347164552
0.46445000000000003,2.7425,76,8,17,4.53457631065
0.46445000000000003,2.7425,77,81,240,10.1386935076
0.46445000000000003,2.7425,78,76,385,11.2536439627
0.46445000000000003,2.7425,79,9,16,2.5308974048599997
0.46445000000000003,2.7425,8,120,509,14.948185281199999
0.46445000000000003,2.7425,80,6,6,1.57761965444
0.46445000000000003,2.7425,81,7,19,6.757590480569999
0.46445000000000003,2.7425,82,9,25,6.3650674598500006
0.46445000000000003,2.7425,83,6,14,5.927363701440001
0.46445000000000003,2.7425,84,7,10,1.36825197775
0.46445000000000003,2.7425,85,5,6,1.5172164159600001
0.46445000000000003,2.7425,86,9,24,6.14071481234
0.46445000000000003,2.7425,87,175,690,10.3868694528
0.46445000000000003,2.7425,88,5,6,1.9288797486000002
0.46445000000000003,2.7425,89,6,9,2.63028840737
0.46445000000000003,2.7425,9,21,28,6.24057875694
0.46445000000000003,2.7425,90,85,520,23.846702498000003
0.46445000000000003,2.7425,91,5,7,1.35154748482
0.46445000000000003,2.7425,92,5,5,2.55588171556
0.46445000000000003,2.7425,93,57,256,10.6189757437
0.46445000000000003,2.7425,94,5,5,1.00895040505
0.46445000000000003,2.7425,95,6,17,5.2232318295199995
0.46445000000000003,2.7425,96,5,6,2.7868364792299998
0.46445000000000003,2.7425,97,38,123,12.8895525175
0.46445000000000003,2.7425,98,67,358,17.7964119358
0.46445000000000003,2.7425,99,5,8,3.92598888172
0.46445000000000003,2.99,0,10,21,2.66727557136
0.46445000000000003,2.99,1,6,11,2.47854682384
0.46445000000000003,2.99,10,32,52,5.79933765795
0.46445000000000003,2.99,11,7,14,5.08025236043
0.46445000000000003,2.99,12,5,6,0.824723921647
0.46445000000000003,2.99,13,20,39,7.73564495538
0.46445000000000003,2.99,14,8,13,4.676246281530001
0.46445000000000003,2.99,15,37,180,12.0421351521
0.46445000000000003,2.99,16,52,199,10.4465444641
0.46445000000000003,2.99,17,7,12,3.5965657862800002
0.46445000000000003,2.99,18,5,6,7.574802754119999
0.46445000000000003,2.99,19,19,28,6.59577177123
0.46445000000000003,2.99,2,15,37,6.946344401189999
0.46445000000000003,2.99,20,28,97,7.359827715289999
0.46445000000000003,2.99,21,7,17,5.70114623434
0.46445000000000003,2.99,22,14,36,6.36972039227
0.46445000000000003,2.99,23,11,18,4.00714592234
0.46445000000000003,2.99,24,13,30,4.22237792732
0.46445000000000003,2.99,25,5,5,1.1313482229
0.46445000000000003,2.99,26,9,29,6.5617826710800005
0.46445000000000003,2.99,27,6,6,1.25161504236
0.46445000000000003,2.99,28,5,8,2.21872059259
0.46445000000000003,2.99,29,7,12,2.20890524495
0.46445000000000003,2.99,3,7,10,2.28976510531
0.46445000000000003,2.99,30,6,16,10.2445109131
0.46445000000000003,2.99,31,6,7,2.76227909496
0.46445000000000003,2.99,32,7,8,3.4002100630900003
0.46445000000000003,2.99,33,9,22,4.8870978890300005
0.46445000000000003,2.99,34,20,50,5.64691489401
0.46445000000000003,2.99,35,7,20,4.90410516581
0.46445000000000003,2.99,36,6,8,3.13176207269
0.46445000000000003,2.99,37,5,7,2.8660528229000004
0.46445000000000003,2.99,38,10,18,3.6523563983800007
0.46445000000000003,2.99,39,6,6,0.9792066477600001
0.46445000000000003,2.99,4,7,8,1.53407793121
0.46445000000000003,2.99,40,7,11,4.6646036863800004
0.46445000000000003,2.99,41,6,9,3.22968892214
0.46445000000000003,2.99,42,5,6,1.47357485843
0.46445000000000003,2.99,43,23,43,5.40691320087
0.46445000000000003,2.99,44,14,48,6.46198462673
0.46445000000000003,2.99,45,5,6,2.3718499178799997
0.46445000000000003,2.99,46,7,11,2.24114533332
0.46445000000000003,2.99,47,8,15,3.4825208269099996
0.46445000000000003,2.99,48,14,28,4.75771725846
0.46445000000000003,2.99,49,31,82,5.449835756980001
0.46445000000000003,2.99,5,5,6,1.0311921675
0.46445000000000003,2.99,50,5,7,3.0746124265099994
0.46445000000000003,2.99,51,20,84,11.2305480925
0.46445000000000003,2.99,52,19,97,13.4155519309
0.46445000000000003,2.99,53,5,7,1.8578962176299998
0.46445000000000003,2.99,54,5,11,4.201403254180001
0.46445000000000003,2.99,55,11,14,3.07050068919
0.46445000000000003,2.99,56,56,192,12.495388950799999
0.46445000000000003,2.99,57,11,15,4.97805517805
0.46445000000000003,2.99,58,5,5,0.45943972025200003
0.46445000000000003,2.99,59,6,7,2.33820904783
0.46445000000000003,2.99,6,8,21,5.36621233385
0.46445000000000003,2.99,60,10,21,7.1029163864800005
0.46445000000000003,2.99,61,7,10,3.36447811412
0.46445000000000003,2.99,62,5,7,2.9017941120899997
0.46445000000000003,2.99,63,12,20,1.9094506848
0.46445000000000003,2.99,64,6,10,2.09991741314
0.46445000000000003,2.99,65,6,8,5.7936065579400005
0.46445000000000003,2.99,66,13,33,5.71862812827
0.46445000000000003,2.99,67,5,5,0.7762391746799999
0.46445000000000003,2.99,68,5,5,1.69416664146
0.46445000000000003,2.99,69,7,11,7.002150102100001
0.46445000000000003,2.99,7,8,13,5.42689566608
0.46445000000000003,2.99,70,7,19,5.26235659783
0.46445000000000003,2.99,71,11,26,4.72707640308
0.46445000000000003,2.99,72,10,23,5.58492777341
0.46445000000000003,2.99,73,6,19,7.49264718943
0.46445000000000003,2.99,74,6,6,1.7712614770400004
0.46445000000000003,2.99,75,28,85,12.6617261482
0.46445000000000003,2.99,76,8,10,3.86686885926
0.46445000000000003,2.99,77,5,6,2.03109584562
0.46445000000000003,2.99,78,5,9,3.9031027930400004
0.46445000000000003,2.99,79,10,12,2.3831134883300003
0.46445000000000003,2.99,8,6,11,3.9826794664199996
0.46445000000000003,2.99,80,23,52,5.03417644449
0.46445000000000003,2.99,81,5,10,4.51132861504
0.46445000000000003,2.99,82,6,6,1.10372349308
0.46445000000000003,2.99,83,16,41,7.452809122310001
0.46445000000000003,2.99,84,5,5,2.9479150908499996
0.46445000000000003,2.99,85,20,52,9.79790515635
0.46445000000000003,2.99,86,15,29,6.314237004430001
0.46445000000000003,2.99,87,6,11,5.693286123969999
0.46445000000000003,2.99,88,11,28,4.88331292781
0.46445000000000003,2.99,89,5,7,1.6516493343399998
0.46445000000000003,2.99,9,5,6,1.5519577270299998
0.46445000000000003,2.99,90,8,12,2.33227451361
0.46445000000000003,2.99,91,5,6,1.65769533879
0.46445000000000003,2.99,92,6,14,4.59583962025
0.46445000000000003,2.99,93,5,8,4.317835488919999
0.46445000000000003,2.99,94,6,7,1.3682453700900001
0.46445000000000003,2.99,95,35,87,7.573652760630001
0.46445000000000003,2.99,96,6,6,1.7917057898599997
0.46445000000000003,2.99,97,16,30,4.916395172850001
0.46445000000000003,2.99,98,5,8,4.87443239171
0.46445000000000003,2.99,99,9,17,3.9054386959500005
0.6186,2.0,0,2203,4774,8.42229539478
0.6186,2.0,1,2512,5080,11.370299131500001
0.6186,2.0,10,2359,4936,11.555215614000002
0.6186,2.0,11,2177,4898,12.3830920718
0.6186,2.0,12,2309,4776,10.8673829952
0.6186,2.0,13,1994,4228,11.029851839
0.6186,2.0,14,5,7,1.4175827601700002
0.6186,2.0,15,2620,6156,10.2845889561
0.6186,2.0,16,2055,4317,9.03549750022
0.6186,2.0,17,2240,4962,9.92216423129
0.6186,2.0,18,2195,4846,11.197035426600001
0.6186,2.0,19,2012,4305,11.8691799107
0.6186,2.0,2,5,6,0.773599044515
0.6186,2.0,20,2125,4513,10.4506080648
0.6186,2.0,21,2061,4337,10.1649344896
0.6186,2.0,22,2150,4495,11.395849561199999
0.6186,2.0,23,2307,5062,9.566220931110001
0.6186,2.0,24,2108,4509,9.22828018377
0.6186,2.0,25,2413,5551,10.3297329671
0.6186,2.0,26,2062,4643,11.141368441300001
0.6186,2.0,27,2260,5028,12.045013969500001
0.6186,2.0,28,2189,4763,9.569407803099999
0.6186,2.0,29,1985,4188,8.49305250484
0.6186,2.0,3,2272,5180,10.908127021099999
0.6186,2.0,30,2354,5235,10.3215130506
0.6186,2.0,31,2461,5446,11.1696342482
0.6186,2.0,32,2234,4825,9.496050220439999
0.6186,2.0,33,2092,4709,8.8947355084
0.6186,2.0,34,2311,5038,8.34287299033
0.6186,2.0,35,2226,4585,7.781260587789999
0.6186,2.0,36,2110,4432,12.262037926400001
0.6186,2.0,37,2229,5247,9.88686982656
0.6186,2.0,38,2395,5048,13.1094795955
0.6186,2.0,39,2307,4840,11.2425805482
0.6186,2.0,4,2432,5113,10.9133042814
0.6186,2.0,40,2308,4893,10.7357388849
0.6186,2.0,41,1905,4040,11.9089056308
0.6186,2.0,42,2273,4752,12.5429316682
0.6186,2.0,43,2376,5180,11.3068563097
0.6186,2.0,44,2019,4353,10.4848904876
0.6186,2.0,45,1869,4024,9.971259132
0.6186,2.0,46,2125,4635,10.5629625764
0.6186,2.0,47,2253,4683,10.114903053799999
0.6186,2.0,48,2172,4473,10.0051053221
0.6186,2.0,49,2296,5403,11.0965386737
0.6186,2.0,5,2436,4999,9.16729185903
0.6186,2.0,50,1885,4231,8.934648918939999
0.6186,2.0,51,2500,5628,9.38431882111
0.6186,2.0,52,2462,5370,12.3606073242
0.6186,2.0,53,2116,4566,11.1075521677
0.6186,2.0,54,2265,4812,12.4160781069
0.6186,2.0,55,2084,4621,10.783739860199999
0.6186,2.0,56,2334,5147,12.129437253399999
0.6186,2.0,57,2307,4565,11.759884476099998
0.6186,2.0,58,2562,5543,10.853933100999999
0.6186,2.0,59,2130,4655,11.3419962604
0.6186,2.0,6,2417,5078,10.8380244822
0.6186,2.0,60,2273,5038,10.4776770051
0.6186,2.0,61,1985,4319,9.26298972807
0.6186,2.0,62,2262,4861,12.297583416300002
0.6186,2.0,63,2088,4495,9.764183196760001
0.6186,2.0,64,2045,4407,9.780907537060001
0.6186,2.0,65,2128,4151,11.846594205799999
0.6186,2.0,66,2299,5051,9.72530879579
0.6186,2.0,67,2098,4786,9.95782045523
0.6186,2.0,68,5,5,1.3347994673899999
0.6186,2.0,69,2207,4501,11.5812853462
0.6186,2.0,7,2335,5053,8.83245212561
0.6186,2.0,70,2620,5581,10.945201405799999
0.6186,2.0,71,2324,4768,9.497053128169998
0.6186,2.0,72,1829,4061,8.230678230639999
0.6186,2.0,73,2129,4570,8.93443670505
0.6186,2.0,74,2164,4925,10.393076802000001
0.6186,2.0,75,2335,5016,9.46882307754
0.6186,2.0,76,2133,4694,9.21019766747
0.6186,2.0,77,2171,4702,9.7759280833
0.6186,2.0,78,2501,5347,9.97989080377
0.6186,2.0,79,2415,5001,10.4617603588
0.6186,2.0,8,2312,4821,11.0454660457
0.6186,2.0,80,2123,4524,9.11882586011
0.6186,2.0,81,2016,4214,9.19285389827
0.6186,2.0,82,2297,5236,10.2350965641
0.6186,2.0,83,2099,4499,9.65790520548
0.6186,2.0,84,2270,5177,9.52563018851
0.6186,2.0,85,2078,4453,11.211691180999999
0.6186,2.0,86,2145,4535,10.7731801305
0.6186,2.0,87,2117,4671,9.305695365910001
0.6186,2.0,88,5,5,1.00682042561
0.6186,2.0,89,2333,4635,10.100236595
0.6186,2.0,9,2134,4374,10.881323591400001
0.6186,2.0,90,2418,5705,14.3857715638
0.6186,2.0,91,2144,4543,12.5636213364
0.6186,2.0,92,2476,4969,8.40096931334
0.6186,2.0,93,2340,5152,10.9780653803
0.6186,2.0,94,2177,4639,8.16187342535
0.6186,2.0,95,2332,4960,9.037203372939999
0.6186,2.0,96,2055,4483,9.78344122726
0.6186,2.0,97,2047,4451,10.776520204
0.6186,2.0,98,1856,4050,8.45532799101
0.6186,2.0,99,2125,4464,8.96523883901
0.6186,2.2475,0,5,5,0.9988587931659999
0.6186,2.2475,1,1149,2992,10.9593587055
0.6186,2.2475,10,5,5,2.50929633181
0.6186,2.2475,11,5,7,1.6959259255599999
0.6186,2.2475,12,1108,2834,11.2548417693
0.6186,2.2475,13,1278,3044,11.750495821900001
0.6186,2.2475,14,1684,3882,8.82514005797
0.6186,2.2475,15,1362,3390,10.2684671831
0.6186,2.2475,16,1147,2963,10.269881616000001
0.6186,2.2475,17,1317,3206,12.3668034798
0.6186,2.2475,18,1435,3645,9.18534198075
0.6186,2.2475,19,5,5,0.655336396272
0.6186,2.2475,2,1307,2941,10.0077817714
0.6186,2.2475,20,6,6,1.2614227411499999
0.6186,2.2475,21,1148,2987,11.571769462799999
0.6186,2.2475,22,1336,3236,10.6220164124
0.6186,2.2475,23,1479,3477,8.62291133173
0.6186,2.2475,24,1136,2927,10.1805211048
0.6186,2.2475,25,1463,3341,10.170535109500001
0.6186,2.2475,26,1205,3006,10.440896201000001
0.6186,2.2475,27,1275,3107,12.2910103689
0.6186,2.2475,28,1223,3061,9.62364003165
0.6186,2.2475,29,1362,3360,11.027641559400001
0.6186,2.2475,3,1146,3010,12.5423230144
0.6186,2.2475,30,987,2741,9.895848404139999
0.6186,2.2475,31,5,6,1.8248692913999998
0.6186,2.2475,32,1552,3402,13.7009935523
0.6186,2.2475,33,1466,3315,9.54736352372
0.6186,2.2475,34,1267,3173,11.036477138299999
0.6186,2.2475,35,1424,3344,8.7636665934
0.6186,2.2475,36,1235,2944,9.46634436982
0.6186,2.2475,37,1327,3371,10.677458918200001
0.6186,2.2475,38,940,2582,9.832220230319999
0.6186,2.2475,39,1058,2734,9.779824719319999
0.6186,2.2475,4,1284,3175,12.005635728900002
0.6186,2.2475,40,1462,3564,11.212909924000002
0.6186,2.2475,41,6,6,1.5322240904299997
0.6186,2.2475,42,1337,3090,11.3192753882
0.6186,2.2475,43,5,5,0.723592461908
0.6186,2.2475,44,1524,3649,9.42311184521
0.6186,2.2475,45,1337,3348,9.60947076287
0.6186,2.2475,46,1382,3462,11.8303358331
0.6186,2.2475,47,1375,3058,10.951706766
0.6186,2.2475,48,1031,2744,11.512395813800001
0.6186,2.2475,49,1294,3289,10.6048767792
0.6186,2.2475,5,1175,2911,14.5553554964
0.6186,2.2475,50,1154,3098,13.279779776600002
0.6186,2.2475,51,6,6,0.97296798091
0.6186,2.2475,52,1259,3009,9.688887973589999
0.6186,2.2475,53,1406,3322,9.56991164261
0.6186,2.2475,54,1556,3828,9.6054022089
0.6186,2.2475,55,6,7,2.84706189486
0.6186,2.2475,56,1166,3034,10.3110998538
0.6186,2.2475,57,1104,2992,12.4698133698
0.6186,2.2475,58,1603,3665,11.8499799328
0.6186,2.2475,59,1334,3354,8.57799447212
0.6186,2.2475,6,1275,3033,10.874671045
0.6186,2.2475,60,1190,3117,14.2471635904
0.6186,2.2475,61,1232,3090,9.42404429784
0.6186,2.2475,62,1067,2844,11.864367324000002
0.6186,2.2475,63,1513,3585,12.470126384
0.6186,2.2475,64,1459,3468,10.0632123194
0.6186,2.2475,65,846,2467,10.4786574829
0.6186,2.2475,66,1390,3521,16.7347956674
0.6186,2.2475,67,1152,3170,11.6800244072
0.6186,2.2475,68,1284,3194,9.901092950439999
0.6186,2.2475,69,1292,3213,10.4516990806
0.6186,2.2475,7,5,5,1.3648721937600001
0.6186,2.2475,70,1381,3368,10.6758657582
0.6186,2.2475,71,1362,3376,9.92268939932
0.6186,2.2475,72,1278,3064,9.052393098069999
0.6186,2.2475,73,1277,3111,11.9647354808
0.6186,2.2475,74,1325,3078,10.4068185914
0.6186,2.2475,75,1416,3400,15.952612381700002
0.6186,2.2475,76,1364,3380,12.1799883003
0.6186,2.2475,77,1091,2732,11.8104749032
0.6186,2.2475,78,1569,3689,13.404292104000001
0.6186,2.2475,79,1263,3399,10.1472406975
0.6186,2.2475,8,1236,3183,11.676447658599999
0.6186,2.2475,80,1690,3866,11.3412736236
0.6186,2.2475,81,5,7,1.8920520716
0.6186,2.2475,82,5,5,0.7197724368970001
0.6186,2.2475,83,1193,3050,8.956048372769999
0.6186,2.2475,84,1280,3149,11.4783377527
0.6186,2.2475,85,1492,3508,11.425208424200001
0.6186,2.2475,86,1304,3244,10.0730574546
0.6186,2.2475,87,5,7,2.09075172228
0.6186,2.2475,88,1425,3270,8.564475888099999
0.6186,2.2475,89,1438,3434,10.6254528973
0.6186,2.2475,9,1301,3223,9.84196471552
0.6186,2.2475,90,1446,3565,9.96583669374
0.6186,2.2475,91,1354,3340,9.796832104389999
0.6186,2.2475,92,5,6,0.656255130882
0.6186,2.2475,93,1312,3216,9.15612988497
0.6186,2.2475,94,1155,2944,11.5763637049
0.6186,2.2475,95,1162,3135,12.768950565199999
0.6186,2.2475,96,1393,3443,9.564001410980001
0.6186,2.2475,97,1474,3396,9.4253424195
0.6186,2.2475,98,1365,3339,11.1976613871
0.6186,2.2475,99,5,5,0.678350026314
0.6186,2.495,0,462,1410,11.805650914000001
0.6186,2.495,1,8,10,3.4131379509099995
0.6186,2.495,10,238,1196,15.313737984400001
0.6186,2.495,11,685,2118,15.1283788849
0.6186,2.495,12,843,2222,9.32104473854
0.6186,2.495,13,5,5,1.54193469491
0.6186,2.495,14,650,1867,9.15918315006
0.6186,2.495,15,662,1932,11.1662124797
0.6186,2.495,16,544,1611,11.456661238099999
0.6186,2.495,17,564,1838,11.949500197599999
0.6186,2.495,18,497,1753,11.1502076741
0.6186,2.495,19,672,2005,8.802130427649999
0.6186,2.495,2,554,1727,13.4045063907
0.6186,2.495,20,5,8,1.8188115943599998
0.6186,2.495,21,523,1602,9.74373062329
0.6186,2.495,22,665,1866,12.309625801
0.6186,2.495,23,5,5,1.18254952751
0.6186,2.495,24,603,1672,12.078405293900001
0.6186,2.495,25,751,2073,12.107931228800002
0.6186,2.495,26,656,1916,9.038534830680002
0.6186,2.495,27,361,1364,12.711943433399998
0.6186,2.495,28,816,2160,9.679514571719999
0.6186,2.495,29,521,1546,11.9679087996
0.6186,2.495,3,7,11,2.98007129594
0.6186,2.495,30,490,1545,14.030267589600001
0.6186,2.495,31,529,1669,13.761408325
0.6186,2.495,32,358,1332,9.96898980291
0.6186,2.495,33,473,1660,13.818025079100002
0.6186,2.495,34,694,1836,9.94875288824
0.6186,2.495,35,5,5,0.43120608633999996
0.6186,2.495,36,589,1722,11.569350451400002
0.6186,2.495,37,811,2195,13.1430872671
0.6186,2.495,38,609,1770,11.935312953
0.6186,2.495,39,484,1459,12.6474835429
0.6186,2.495,4,5,8,3.0964021159799997
0.6186,2.495,40,588,1818,10.1826352224
0.6186,2.495,41,5,6,1.8561231357499999
0.6186,2.495,42,579,1693,11.526182105999998
0.6186,2.495,43,467,1646,12.184716786
0.6186,2.495,44,540,1643,11.613715881900001
0.6186,2.495,45,7,9,1.9385515339800001
0.6186,2.495,46,559,1836,10.393970655499999
0.6186,2.495,47,675,2005,12.0684885617
0.6186,2.495,48,5,5,0.405112871194
0.6186,2.495,49,831,2286,10.8025029805
0.6186,2.495,5,7,14,5.72221222021
0.6186,2.495,50,732,1944,11.481889781500001
0.6186,2.495,51,640,1861,12.569437903099999
0.6186,2.495,52,5,5,0.7542176845819999
0.6186,2.495,53,728,1964,11.327542218
0.6186,2.495,54,514,1723,12.2797084956
0.6186,2.495,55,597,1923,14.3595349337
0.6186,2.495,56,511,1653,10.6632599461
0.6186,2.495,57,5,5,2.92361248366
0.6186,2.495,58,640,1878,11.567320206
0.6186,2.495,59,465,1585,12.851374973699999
0.6186,2.495,6,482,1633,15.7512734248
0.6186,2.495,60,5,6,1.54080837132
0.6186,2.495,61,568,1703,11.5604915795
0.6186,2.495,62,754,2113,14.2787323749
0.6186,2.495,63,645,1891,14.0286958367
0.6186,2.495,64,5,12,3.96231468273
0.6186,2.495,65,9,14,3.6162673925699997
0.6186,2.495,66,706,2021,12.7812028479
0.6186,2.495,67,6,9,1.72507739282
0.6186,2.495,68,901,2372,14.5608764994
0.6186,2.495,69,6,11,2.7475956776999997
0.6186,2.495,7,572,1803,11.798592639
0.6186,2.495,70,348,1417,12.819787098900001
0.6186,2.495,71,5,5,0.373323873809
0.6186,2.495,72,8,16,5.767197797940001
0.6186,2.495,73,518,1585,11.359098841500002
0.6186,2.495,74,8,10,4.03031985404
0.6186,2.495,75,380,1250,12.209200765699999
0.6186,2.495,76,8,10,3.13714062804
0.6186,2.495,77,693,1937,10.1274222508
0.6186,2.495,78,5,7,1.9929432655700001
0.6186,2.495,79,656,1931,9.94827923169
0.6186,2.495,8,521,1597,11.728562398800001
0.6186,2.495,80,7,11,2.73196854019
0.6186,2.495,81,470,1541,10.1625025613
0.6186,2.495,82,488,1592,12.4065090072
0.6186,2.495,83,672,1816,12.238815495599999
0.6186,2.495,84,621,1851,10.1842876819
0.6186,2.495,85,649,2007,11.4150737189
0.6186,2.495,86,699,1992,10.770317388299999
0.6186,2.495,87,753,2014,12.2933418145
0.6186,2.495,88,621,1871,10.5111883343
0.6186,2.495,89,451,1628,13.6871298965
0.6186,2.495,9,714,1927,9.66169519092
0.6186,2.495,90,525,1657,11.4851209447
0.6186,2.495,91,548,1818,9.427535046660001
0.6186,2.495,92,9,12,3.61048992503
0.6186,2.495,93,631,1875,10.8205962794
0.6186,2.495,94,6,6,1.02196238498
0.6186,2.495,95,584,1727,11.1776101214
0.6186,2.495,96,411,1619,12.096829693499998
0.6186,2.495,97,6,15,5.69183541429
0.6186,2.495,98,683,1875,10.8192413636
0.6186,2.495,99,465,1569,14.4522604715
0.6186,2.7425,0,5,14,4.05079986609
0.6186,2.7425,1,13,27,3.72446473715
0.6186,2.7425,10,260,954,12.2772366331
0.6186,2.7425,11,185,768,12.640776114200001
0.6186,2.7425,12,8,14,3.21773867191
0.6186,2.7425,13,230,835,10.0827637938
0.6186,2.7425,14,7,13,4.39725404291
0.6186,2.7425,15,6,13,4.0878012052
0.6186,2.7425,16,171,621,11.8690183893
0.6186,2.7425,17,212,698,11.6822370221
0.6186,2.7425,18,166,604,11.9116886576
0.6186,2.7425,19,48,140,8.487592495289999
0.6186,2.7425,2,47,102,8.600590555730001
0.6186,2.7425,20,35,69,5.4330456784
0.6186,2.7425,21,7,19,4.07986059105
0.6186,2.7425,22,220,759,13.775494251600001
0.6186,2.7425,23,172,640,10.5605766427
0.6186,2.7425,24,217,698,9.736529228060002
0.6186,2.7425,25,34,120,7.45785465789
0.6186,2.7425,26,127,592,12.4342617574
0.6186,2.7425,27,5,7,3.8717851172800004
0.6186,2.7425,28,91,342,12.6413744242
0.6186,2.7425,29,5,12,3.4499717410800006
0.6186,2.7425,3,14,49,7.476301147969999
0.6186,2.7425,30,8,19,5.51872627148
0.6186,2.7425,31,6,8,3.42431575322
0.6186,2.7425,32,10,21,3.81307786644
0.6186,2.7425,33,12,21,10.2273025793
0.6186,2.7425,34,10,20,4.5172815575
0.6186,2.7425,35,144,534,9.869788960669998
0.6186,2.7425,36,8,26,5.537086909939999
0.6186,2.7425,37,7,15,4.87726194212
0.6186,2.7425,38,5,5,0.986973220016
0.6186,2.7425,39,174,688,11.2219321204
0.6186,2.7425,4,91,435,18.2908568815
0.6186,2.7425,40,153,649,8.90675267225
0.6186,2.7425,41,128,594,16.1037815116
0.6186,2.7425,42,135,598,16.753762359
0.6186,2.7425,43,6,8,1.11656019919
0.6186,2.7425,44,125,660,18.7930123472
0.6186,2.7425,45,6,15,5.948752665730001
0.6186,2.7425,46,6,13,2.64160369332
0.6186,2.7425,47,11,21,6.48263361261
0.6186,2.7425,48,182,742,12.1124566772
0.6186,2.7425,49,220,731,10.7299400213
0.6186,2.7425,5,10,23,6.5261627639999995
0.6186,2.7425,50,8,25,6.8798623785
0.6186,2.7425,51,15,35,3.01463126957
0.6186,2.7425,52,11,45,10.9259523058
0.6186,2.7425,53,213,783,9.76686290273
0.6186,2.7425,54,254,916,14.327921283699999
0.6186,2.7425,55,7,9,3.4705840391900002
0.6186,2.7425,56,5,5,1.6988428944799998
0.6186,2.7425,57,28,105,9.7651787181
0.6186,2.7425,58,6,9,3.05549909503
0.6186,2.7425,59,7,14,2.90579869642
0.6186,2.7425,6,115,512,14.2489347607
0.6186,2.7425,60,194,770,16.0415810109
0.6186,2.7425,61,51,242,15.250735478800001
0.6186,2.7425,62,10,17,3.5567037364300003
0.6186,2.7425,63,198,612,11.389077258099999
0.6186,2.7425,64,5,5,1.0169882215000001
0.6186,2.7425,65,110,558,12.6870687138
0.6186,2.7425,66,47,145,7.59081271997
0.6186,2.7425,67,36,86,9.67992936138
0.6186,2.7425,68,5,7,2.2447249292700002
0.6186,2.7425,69,7,11,1.7009487173700002
0.6186,2.7425,7,248,746,13.468490613800002
0.6186,2.7425,70,10,28,6.726602026649999
0.6186,2.7425,71,8,11,4.17238177699
0.6186,2.7425,72,11,25,3.23162777574
0.6186,2.7425,73,5,5,2.07679436551
0.6186,2.7425,74,8,16,4.349102182519999
0.6186,2.7425,75,6,12,4.6603076561900005
0.6186,2.7425,76,5,8,4.38213150344
0.6186,2.7425,77,187,603,11.981694293199999
0.6186,2.7425,78,5,7,2.9526477828799997
0.6186,2.7425,79,240,712,12.3648480346
0.6186,2.7425,8,8,17,6.24618473148
0.6186,2.7425,80,6,6,0.854232437318
0.6186,2.7425,81,239,799,9.922925561589999
0.6186,2.7425,82,47,188,11.5735855892
0.6186,2.7425,83,220,1010,14.20562669
0.6186,2.7425,84,169,616,11.2327378602
0.6186,2.7425,85,12,25,4.366228947380001
0.6186,2.7425,86,189,794,10.9224295692
0.6186,2.7425,87,108,625,12.914024650999998
0.6186,2.7425,88,5,10,3.4583756220699997
0.6186,2.7425,89,185,629,10.8460676048
0.6186,2.7425,9,5,9,3.4412733352800005
0.6186,2.7425,90,8,9,3.7782285887900002
0.6186,2.7425,91,193,683,9.397220795980001
0.6186,2.7425,92,5,8,2.55066448856
0.6186,2.7425,93,199,777,11.8110137924
0.6186,2.7425,94,5,5,0.717854617234
0.6186,2.7425,95,13,27,3.9822524334400002
0.6186,2.7425,96,159,745,12.942695479000001
0.6186,2.7425,97,24,71,10.9472341091
0.6186,2.7425,98,159,468,7.899091780499999
0.6186,2.7425,99,5,6,1.98150908962
0.6186,2.99,0,10,18,4.7094460125
0.6186,2.99,1,17,38,7.7279396273500005
0.6186,2.99,10,41,101,6.43370070496
0.6186,2.99,11,5,5,1.53006446475
0.6186,2.99,12,5,7,0.912695764543
0.6186,2.99,13,6,6,2.0748659832
0.6186,2.99,14,5,5,1.78128479262
0.6186,2.99,15,36,113,9.33716214676
0.6186,2.99,16,5,5,0.8435130532359999
0.6186,2.99,17,35,97,9.965164035539999
0.6186,2.99,18,16,32,4.928836957250001
0.6186,2.99,19,6,8,3.95913568307
0.6186,2.99,2,19,42,6.60010980403
0.6186,2.99,20,26,68,7.5387964093600015
0.6186,2.99,21,28,66,9.87663345676
0.6186,2.99,22,13,26,5.3096425494999995
0.6186,2.99,23,5,8,3.10546762861
0.6186,2.99,24,5,5,1.0992657814799998
0.6186,2.99,25,9,21,3.43984407709
0.6186,2.99,26,19,50,5.86500021922
0.6186,2.99,27,9,19,5.66430940889
0.6186,2.99,28,8,13,3.32981449918
0.6186,2.99,29,66,235,9.435634725589999
0.6186,2.99,3,17,35,3.5571876384500003
0.6186,2.99,30,8,12,2.6484221067
0.6186,2.99,31,23,34,5.268045534830001
0.6186,2.99,32,12,19,3.42467977321
0.6186,2.99,33,5,12,3.6663118184400005
0.6186,2.99,34,5,6,2.5216863566599996
0.6186,2.99,35,16,31,7.52454669367
0.6186,2.99,36,63,167,12.4068367829
0.6186,2.99,37,9,18,5.38618866008
0.6186,2.99,38,24,52,7.856299179360001
0.6186,2.99,39,6,10,3.34246162565
0.6186,2.99,4,37,86,7.98384215768
0.6186,2.99,40,5,6,2.4417557103
0.6186,2.99,41,6,9,2.31098185455
0.6186,2.99,42,6,8,1.9067586545900002
0.6186,2.99,43,17,42,6.23495575264
0.6186,2.99,44,6,13,5.7892698213400005
0.6186,2.99,45,6,11,5.6801396322399995
0.6186,2.99,46,33,106,6.44499047884
0.6186,2.99,47,10,17,3.6850506612
0.6186,2.99,48,63,319,10.0554353992
0.6186,2.99,49,7,14,4.38181668036
0.6186,2.99,5,41,84,9.664218383360001
0.6186,2.99,50,9,10,2.43290364302
0.6186,2.99,51,10,17,5.25317309095
0.6186,2.99,52,29,58,8.25157982308
0.6186,2.99,53,111,261,8.6815171693
0.6186,2.99,54,7,14,3.1096481800999998
0.6186,2.99,55,62,146,6.6547409545
0.6186,2.99,56,18,37,5.868997702330001
0.6186,2.99,57,28,60,4.7438837367
0.6186,2.99,58,6,7,3.0596470119
0.6186,2.99,59,6,13,3.80879585579
0.6186,2.99,6,6,11,3.12126822505
0.6186,2.99,60,8,19,6.258731296360001
0.6186,2.99,61,7,10,1.7009037638
0.6186,2.99,62,9,13,2.5456176515099997
0.6186,2.99,63,16,31,5.25562593579
0.6186,2.99,64,11,18,2.20794530147
0.6186,2.99,65,10,14,5.41274954451
0.6186,2.99,66,14,29,4.72037586764
0.6186,2.99,67,34,56,9.62113812601
0.6186,2.99,68,5,6,1.5160032057
0.6186,2.99,69,83,259,7.558274258919999
0.6186,2.99,7,57,136,7.756864874520001
0.6186,2.99,70,5,6,3.3789067147900003
0.6186,2.99,71,8,13,2.78078443883
0.6186,2.99,72,5,6,2.48015569852
0.6186,2.99,73,7,11,1.0331007124
0.6186,2.99,74,20,31,3.6226568505300003
0.6186,2.99,75,8,12,1.5006382392500002
0.6186,2.99,76,12,18,3.8234428733199994
0.6186,2.99,77,29,87,5.5604144270599996
0.6186,2.99,78,71,205,8.99771176171
0.6186,2.99,79,12,23,5.00934426835
0.6186,2.99,8,20,81,9.59486664504
0.6186,2.99,80,44,104,5.54468414796
0.6186,2.99,81,9,19,4.75938828475
0.6186,2.99,82,5,6,1.01660253914
0.6186,2.99,83,20,41,8.711083006299999
0.6186,2.99,84,9,23,6.194449027080001
0.6186,2.99,85,5,8,3.1125843536400004
0.6186,2.99,86,5,5,0.9988572465819999
0.6186,2.99,87,9,21,3.71190126352
0.6186,2.99,88,10,22,5.092337948419999
0.6186,2.99,89,72,211,18.5615154273
0.6186,2.99,9,6,7,2.73029898374
0.6186,2.99,90,49,156,9.41914314401
0.6186,2.99,91,13,31,3.09188698504
0.6186,2.99,92,5,6,0.9682437624079999
0.6186,2.99,93,5,7,2.23305555856
0.6186,2.99,94,9,13,4.35945017539
0.6186,2.99,95,17,50,5.593087037849999
0.6186,2.99,96,10,21,5.08881670253
0.6186,2.99,97,21,39,7.08865906108
0.6186,2.99,98,6,7,1.6158263157100001
0.6186,2.99,99,5,7,4.45549992621
